Id,ORGANIZATION,NAME,GENDER,SPECIALITY,ADDRESS,CITY,STATE,ZIP,LAT,LON,ENCOUNTERS,PROCEDURES
6abe8000-c6a9-3404-a8f4-bd77c2a3e7c5,74ab949d-17ac-3309-83a0-13b4405c66aa,Gabriel934 Reilly981,F,GENERAL PRACTICE,881 Main Street,Fitchburg,MA,01420,42.586487,-71.80521,128,0
3d404795-f269-3ee8-9b46-b43c8c80a118,324b4137-57a0-3ae0-89db-1c33f57ae0c1,Marquis364 Satterfield305,M,GENERAL PRACTICE,134 NORTH ST,NORTH READING,MA,018641315,42.5892341,-71.10546522083789,1,0
b95a4f27-a148-3f09-879c-7243b547185e,e09d4c49-c2ef-3b0f-9a46-3719d9219306,Jules135 Emard19,M,GENERAL PRACTICE,60 HOSPITAL RD,LEOMINSTER,MA,014533290,42.54031915,-71.76312990486304,196,0
1d6da91a-1e07-3197-ade8-a2ee02ba6868,77645e49-3f69-3d1d-bb93-dc65210e2fac,Vella930 Ankunding277,F,GENERAL PRACTICE,363 HIGHLAND AVE,FALL RIVER,MA,027205246,41.7093779,-71.1460783680883,6,0
84a2759a-d25d-3c0a-b52e-bdd391531f9e,6fafb5d4-ecca-37ab-8d24-53036a8cbf1e,Wilber603 Nikolaus26,M,GENERAL PRACTICE,320 WEST CENTER STREET  2ND FLOOR,WEST BRIDGEWATER,MA,02379,42.016080599999995,-71.02601589317304,11,0
a5607bc3-bdcb-3d10-9fc7-9460b27192c6,aa682136-a4df-3942-9f50-e6fcee6c0b73,Precious140 Runolfsson901,F,GENERAL PRACTICE,501 CORDWAINER DRIVE,NORWELL,MA,020611630,42.1647071,-70.88149077838713,5,0
0fee57e6-93bc-39e1-b777-a2c9d321caf2,5becf220-2978-3f33-bd38-9326947f85de,Tijuana228 Leannon79,F,GENERAL PRACTICE,240 LYNNFIELD STREET,PEABODY,MA,019605055,42.5141736,-70.97106354209534,9,0
2c248404-7c3d-3fef-ab35-0cee937392be,2936ca90-6594-357d-be14-53fe0ab84dd1,Daniel959 Ankunding277,M,GENERAL PRACTICE,11 TREMONT ST,KINGSTON,MA,023641231,42.00823215,-70.72984043580247,156,0
202757ae-7384-3a0a-a6a1-751e16743097,42d4b607-f14d-370a-818e-40965685776c,Arlen68 Hettinger594,M,GENERAL PRACTICE,3 WASHINGTON ST STE 220,NORTH EASTON,MA,023561034,42.0667665,-71.1036592,43,0
65210074-1f0f-37ed-8747-59b438be3a02,ab701a70-a658-340e-8f69-ee196a7d40c6,Jolie499 Parisian75,F,GENERAL PRACTICE,484 RTE 134,WORCESTER,MA,016071728,42.2625621,-71.8018877,4,0
5336918c-ff6d-3187-b748-7c9d089e3bd4,11ba6a26-59b4-3728-a268-6dc9929962b4,Archie818 McCullough561,M,GENERAL PRACTICE,200 GOVERNORS AVENUE,MEDFORD,MA,021551644,42.42711615,-71.1121606632448,3,0
d74b8d81-c1ee-3697-a886-f9dce46e577a,f736c0f5-6d39-3e26-8ac1-39e1fc60dfbe,Joe656 Jakubowski832,M,GENERAL PRACTICE,11 QUARRY HILL ROAD,LEE,MA,012389645,42.2816564,-73.25307843923315,114,0
3e1bd730-b721-313a-93e8-82f98d5f9ae7,52ecddd8-42f6-35cc-88a5-cf474c02fb49,Cecil300 Fahey393,M,GENERAL PRACTICE,94 OBERY STREET,PLYMOUTH,MA,023602130,41.93725,-70.65503160208334,61,0
112249ce-2d67-3a2d-923b-1f2e7b1be2a8,1311c44a-85cb-3aea-a143-e5d7892ced8b,Kathrine376 Reinger292,F,GENERAL PRACTICE,300 KENSINGTON AVE,SPRINGFIELD,MA,011071139,42.091896,-72.559437,37,0
81c563b2-9990-309c-8589-450c6e2f23da,817a1428-2045-3e89-9fa2-ef7d287d6fa5,Gracia333 Schuster709,F,GENERAL PRACTICE,70-71 N PARISH RD,LAWRENCE,MA,01843,42.690315,-71.150015,64,0
507a067a-d0a0-3ef5-8be4-06f298d70ffa,667b46fe-0afa-3f70-a311-bbe3d52db050,Mickey576 Borer986,F,GENERAL PRACTICE,757 BOSTON POST RD,WORCESTER,MA,016071728,42.231371,-72.165386,2,0
a8479ce9-0830-3ea4-88dc-d04bd5eb788b,643eac8e-1620-3b6a-b9f3-664b003d22cd,Lasonya941 Kiehn525,F,GENERAL PRACTICE,34 GIFFORD ST,NEW BEDFORD,MA,027442610,41.6177929,-70.91890087055067,120,0
5c3fb42d-2747-380c-89f9-dbaf53d1a244,8e3ca57f-6f74-3d61-9803-ab1424290216,Micaela928 Batista148,F,GENERAL PRACTICE,89 MORTON STREET,ANDOVER,MA,018102036,42.6551409,-71.12857340697036,2,0
f857d045-66e1-3171-9bb0-ebc265ab7d49,fa09396a-2926-3b21-ad0c-9f6cabbce0eb,Moshe758 Bartoletti50,M,GENERAL PRACTICE,1210 BOSTON PROVIDENCE TPKE,NORWOOD,MA,020625061,42.1714075,-71.1951186,1,0
4db91c9d-6462-3886-acb0-c5634a6f6cdc,fa61a21b-27de-3ba7-bc4a-0d7145bf72a6,Roger751 Rodriguez71,M,GENERAL PRACTICE,100 CUMMINGS CTR,BEVERLY,MA,019156126,42.559237100000004,-70.88594445364896,3,0
98ce4d68-0238-31b2-a4b9-0aea80b72cba,1ddd51d1-7297-3c3b-bad5-98aecd5e4a79,Derrick232 Kub800,M,GENERAL PRACTICE,127 CAMBRIDGE STREET  SUTIE #2B,BURLINGTON,MA,018033735,42.50188325,-71.19559351572005,3,0
474f1ffa-aa2d-331c-a588-6e9778c8de89,4cb90b5f-734d-322f-a2f2-776824e1ce35,Irvin970 Emard19,M,GENERAL PRACTICE,770 CONVERSE STREET,LONGMEADOW,MA,011061719,42.0639853,-72.5521444,9,0
81d313ce-ff1e-3acb-bfe7-6b800ea926a6,2e1eaaf1-ebb0-332c-8921-f48e15b91879,Delmer311 Nolan344,M,GENERAL PRACTICE,2 SEAPORT DRIVE,QUINCY,MA,021711599,42.29287335,-71.03019020136307,1,0
c1b55235-7091-3025-b781-97ca3d214084,c272e12f-e154-3fee-b05d-b7c0cab2657d,Trinidad33 King743,M,GENERAL PRACTICE,800 WASHINGTON ST,NORWOOD,MA,020623487,42.1886973,-71.2005241,44,0
58ff3850-89e6-36db-8e6b-39a7ac18212a,b66db758-a205-3227-9cfb-bf19d2c1962d,Jamal145 Stroman228,M,GENERAL PRACTICE,121 HARVARD AVENUE  2ND FL,ALLSTON,MA,021342702,42.35241825,-71.13220132573996,2,0
4bb1ecf8-ddb9-3aa2-996f-149c42ad574c,32fcdfba-8c93-30f4-b15b-dd3b65c29deb,Sparkle906 Bernhard322,F,GENERAL PRACTICE,20 NORTH MAPLE STREET,HADLEY,MA,010359715,42.3615107,-72.55261320852942,1,0
3ebb6934-bb9c-3d64-b9bd-9d681c3386ea,764bf964-6ab7-30eb-885b-3d713ca43265,Carrol931 Wilderman619,F,GENERAL PRACTICE,ROUTE 6   P O BOX 1430,WELLFLEET,MA,026677402,41.936423,-70.021074,178,0
45784c4a-5534-30d3-850d-536a5d011ca4,02c936e2-3aee-38b2-88a4-81f3689b7bb7,Royce974 Kohler843,F,GENERAL PRACTICE,120 FISHER AVENUE,BOSTON,MA,021203320,42.3276141,-71.1051603,2,0
7f4885dd-69cd-3731-8f96-dcf65998d159,5f7663da-4b19-3629-b8f2-fb07d75421d9,Elena945 Correa904,F,GENERAL PRACTICE,42 ASBURY ST,SOUTH HAMILTON,MA,019821808,42.61322825,-70.87300675048934,45,0
0165ac76-c457-3d04-9233-777defd67da6,bff65303-97b4-3841-950a-1c9e9e735de0,Omar359 Schimmel440,M,GENERAL PRACTICE,100 AMITY ST,FALL RIVER,MA,027212202,41.6737661,-71.16934217317342,1,0
a4eab55c-e961-3c5c-9937-b0f930dd0caf,bf556284-7513-3620-a10e-5393183a9a87,Jesus702 Roob72,M,GENERAL PRACTICE,795 MIDDLE ST,FALL RIVER,MA,027211733,41.6924092,-71.16345107025307,171,0
2ee862b1-5721-3d6b-9998-03893fe529e7,2b84e56e-08b4-3078-b3ea-4d159208e065,Verda448 Bahringer146,F,GENERAL PRACTICE,1029 PLEASANT ST,BRIDGEWATER,MA,023242301,41.9718173,-71.00937893001648,35,0
e6912561-a100-3d45-90d8-2661c0859e1e,7b9a19b2-d900-3f93-a47b-4b88491fb57b,Francis500 Witting912,M,GENERAL PRACTICE,308 KINGSTOWN WAY,DUXBURY,MA,023324647,42.030389650000004,-70.73959947632582,4,0
8f62a589-e1fe-3d14-9106-8ca06274a02c,4ffa4412-1493-3beb-b8f0-6614dde953a4,Harland508 Ryan260,M,GENERAL PRACTICE,363 HIGHLAND AVENUE,WAREHAM,MA,025715011,41.745636,-70.658192,66,0
b923b7b5-27c7-39e4-bd9b-28b225aba47f,ede4a423-6258-3ef5-b5ba-0fa6bb579563,Pablo44 Paucek755,M,GENERAL PRACTICE,326 NICHOLS ROAD,FITCHBURG,MA,014205478,42.5974358,-71.80761197366103,62,0
38a172fe-1414-37b0-9539-5eae5c9fc892,a14e698d-a9ba-3eae-9c8b-682ec726433d,Brian582 Cummerata161,M,GENERAL PRACTICE,776 WESTERN AVE,LYNN,MA,019052408,42.466763,-70.9494939,100,0
e56467da-a2d3-3983-a0df-968ca0091281,69eae27b-7445-3652-bd34-b535abe0b011,Sidney996 Schneider199,M,GENERAL PRACTICE,9 BICKNELL ST,QUINCY,MA,021696003,42.252227399999995,-70.96584679278924,35,0
88a420fc-8350-38be-87a7-ae479e031b9f,dd9914b0-9491-3330-a890-d34e95e497ea,Taylor21 Haley279,M,GENERAL PRACTICE,1061 PLEASANT ST,NEW BEDFORD,MA,027406728,41.64280275,-70.92865004309593,57,0
423205d0-99cd-3e74-8f8c-a601edafd4ae,4c1a8ea6-b690-3c28-a02e-ebd82190ee65,Marcos263 Cronin387,M,GENERAL PRACTICE,885 WASHINGTON ST,BOSTON,MA,021111415,42.3479909,-71.064924,3,0
f58439a8-fee7-32fa-b8f4-437f1349b8aa,b6eeaaf7-1683-3bcb-b6ee-81ce304636ef,Ariane992 Pagac496,F,GENERAL PRACTICE,170 GOVERNORS AVE,MELROSE,MA,021763225,42.4564323,-71.064182,23,0
50ddb25a-464c-3f25-9fd5-a4e9525a7e0b,1c42af32-f17e-32ec-b007-4ff8e2de493e,Ivette731 Wunsch504,F,GENERAL PRACTICE,235 NORTH PEARL STREET,STOUGHTON,MA,020723396,42.1004556,-71.0668392,73,0
f77f281e-dc6a-3757-bcb8-74272016c0f0,b0b89e26-30e3-35d4-af87-29fb529579cf,Tran115 Jakubowski832,F,GENERAL PRACTICE,391 HANOVER ST,FALL RIVER,MA,027205432,41.71019285,-71.14377103194548,1,0
791fa851-1380-3d29-a458-0794a421b840,ea153d0a-9ccc-3769-9a25-934b417071b7,Tashina114 Towne435,F,GENERAL PRACTICE,463 WORCESTER RD,FRAMINGHAM,MA,017015354,42.3095704,-71.4413097,30,0
613bceb1-6a05-35e2-9e38-4582b974fd6a,18061fd5-fda8-3e2d-87f0-0f3c87211bcc,Margarite168 Koepp521,F,GENERAL PRACTICE,1493 CAMBRIDGE ST,SOMERVILLE,MA,021431408,42.3875968,-71.0994968,320,0
51ba01be-5952-3b18-aca3-48c78e96d6ea,1faab3d1-2ae5-3110-8e5f-c65b92ca906d,Theodore876 Ankunding277,M,GENERAL PRACTICE,29 LEWIS AVE,GREAT BARRINGTON,MA,012301713,42.19093125,-73.3715000043024,128,0
00ae3b0a-fb60-35ec-b339-0c41b9d56b01,76281d34-caff-30e0-8545-bcdf33182109,Jewell855 Schmeler639,M,GENERAL PRACTICE,500 WILBUR AVENUE,SOMERSET,MA,027252051,41.72075205,-71.16843052114558,56,0
3b8000ea-4a20-3cbb-914d-3b1f4b79c9c1,7489f6e0-fee6-3fff-90b6-444868eb907c,Kasey569 Rau926,M,GENERAL PRACTICE,1 KIDDIE DRIVE  SUITE 106,AVON,MA,023221182,42.130150349999994,-71.05720685110387,6,0
60eb74c7-d184-3f61-bf21-474cadf13a7e,06f1d816-dd54-3409-bd94-8dc2745f807c,Erin498 Hand679,M,GENERAL PRACTICE,12 KENT WAY  SUITE 210,BYFIELD,MA,019221221,42.75468625,-70.9451078257969,2,0
c063faea-9699-3c76-aba6-2858db4f47e8,545dcda5-7471-374e-9251-b4b685197d3c,Lezlie553 Koss676,F,GENERAL PRACTICE,175 CONNORS STREET,GARDNER,MA,014402637,42.5730593,-71.99713285,47,0
8fb69a4f-b34c-3986-81ef-378483918eab,43e33b67-64ac-3314-99ee-114fb2b56b80,Fidel864 Cummerata161,M,GENERAL PRACTICE,200 HILLSIDE CIRCLE  SUITE 2,WEST SPRINGFIELD,MA,010894681,42.105237,-72.6213712,21,0
8f16a097-f9bb-38a2-b7b9-e0ece1f055fa,fe30f2b4-9bc8-346e-afba-4455d1766545,Wilson960 Turner526,M,GENERAL PRACTICE,17 LAFAYETTE AVENUE,CHELSEA,MA,021502010,42.40019115,-71.03050082480353,8,0
6bfd2a9f-5c7b-3a7e-be40-fc5f676dd74b,00fde0ed-5951-3b9f-8413-0f25f85a8d4f,Elmo857 Hodkiewicz467,M,GENERAL PRACTICE,81 OLD COLONY WAY STE D,ORLEANS,MA,026533278,41.78403385,-70.00060868097228,62,0
29e69e63-32ee-385c-a255-b20e0e70755c,6cf8a214-8d57-3267-85e5-7719e15cd63e,Daniela614 Hinojosa147,F,GENERAL PRACTICE,170 MORTON STREET,JAMAICA PLAIN,MA,021303735,42.299067750000006,-71.10124351911541,41,0
b3fe820e-7935-301e-a9d2-a7b9184108a4,13161e5b-02d2-3d19-8b48-26ef0becfc83,Erasmo545 Crooks415,M,GENERAL PRACTICE,165 CAPTAIN'S ROW,CHELSEA,MA,021504019,42.3917638,-71.0328284,8,0
7eeab502-fa45-32b6-bfee-14299965c5fc,4bc0cc09-77e5-37f5-844d-64a6637cae54,Ahmed109 Feil794,M,GENERAL PRACTICE,91 EAST MOUNTAIN ROAD,WESTFIELD,MA,010851801,42.110743549999995,-72.70066160206358,79,0
793a0fcb-019c-3919-b7ce-feb6215ed5f9,0fedae9f-701f-3317-9b2f-69aea2202cdc,Sharron285 Batz141,F,GENERAL PRACTICE,88 EAST NEWTON STREET,WINTHROP,MA,021522715,42.3750976,-70.982827,125,0
62ec450b-79f5-3650-b4a1-2ff8b11e91fb,86bbc3aa-e927-3d56-9d77-ab701b4b2926,Tynisha348 Howe413,F,GENERAL PRACTICE,538 ROBESON STREET,FALL RIVER,MA,027205496,41.707225,-71.1432141111111,5,0
e877ee19-5e78-3175-a4dd-47a77f68a529,a3327df4-d092-350b-b551-e60c82076c9a,King743 Predovic534,M,GENERAL PRACTICE,46 NORTH MAIN ST,W BROOKFIELD,MA,015853232,42.23754835,-72.13791547215251,63,0
6c552cc1-9643-3620-8f30-abd6dfd8e8c7,aade280a-3b90-3e48-9648-91109a964a63,Josef103 Klein929,M,GENERAL PRACTICE,909 SUMNER ST,DARTMOUTH,MA,027473826,41.6332267,-70.9879928,290,0
d430982d-4c21-3318-a757-c289ce1f71d3,18764c6a-31fe-391c-80ac-6a5b761e06d6,Eleonor544 Doyle959,F,GENERAL PRACTICE,19 OBERY ST,PLYMOUTH,MA,023602129,41.94456995,-70.64966444737888,1,0
f030e71a-dc25-36a0-97b1-a3ee354e6820,e59fb2d5-508c-38c6-af2e-21d8216dd2b0,Nicholle822 Fisher429,F,GENERAL PRACTICE,759 CHESTNUT ST,WARE,MA,010821625,42.256476,-72.237482,61,0
906a082d-8cf5-3b74-a480-df7d1ab32ae0,7a3b8310-02eb-3c47-aa1b-3f55b3ed9de9,Lauretta754 Dare640,F,GENERAL PRACTICE,6 HATFIELD ST,NORTHAMPTON,MA,010602545,42.333172950000005,-72.6566355591273,2,0
5b0a2fbf-7b2e-31a0-9ec2-2ddaae553b4d,ecadbc11-930c-3903-b706-f8ef4bc9089e,Erwin847 Baumbach677,M,GENERAL PRACTICE,780 CHESTNUT ST,SPRINGFIELD,MA,011031109,42.1211633,-72.60614164702717,88,0
f11b9214-4130-35d0-9732-0d120a4d9a7e,4423a3d7-46d2-3713-bf15-197f9e0fabf5,Scarlett814 Hettinger594,F,GENERAL PRACTICE,67 HUNT ST,PITTSFIELD,MA,012015117,42.451302,-73.260018,23,0
97343773-4c48-3603-80fc-6202af935ea5,440fa4b8-c731-3cf5-81d9-aa3f30a37b95,Bennie663 Abbott774,M,GENERAL PRACTICE,41 & 45 MALL ROAD,PEABODY,MA,019602901,42.5278731,-70.9286609,297,0
784cccb2-245e-39c6-8af6-c86e0e295ed2,a1434ca1-a1ac-3884-abc7-fc4c35cc8b68,Connie24 Dietrich576,F,GENERAL PRACTICE,390 ORLEANS ROAD,NORTH CHATHAM,MA,026501154,41.700306363636365,-69.96549390909091,41,0
21e30dc9-34fe-3688-a539-f9442cd82ef9,0fab3c4e-a028-39a6-b15a-be5a88b6aa2a,Miyoko154 Paucek755,F,GENERAL PRACTICE,222 STATE STREET,LUDLOW,MA,010563437,42.15547415,-72.47222226666076,512,0
19f671bc-64aa-35ac-aa42-72e5ade133b8,b0016371-afcb-37a6-8f90-5e3786e7806f,Shella455 Toy286,F,GENERAL PRACTICE,629 SALISBURY ST,WORCESTER,MA,016091120,42.2932691,-71.8390048,2,0
45cc03b9-f6af-360d-93d7-1167d6466257,aaa7ebaf-b1a0-38c1-ba89-a16712cf431c,Violette536 Halvorson124,F,GENERAL PRACTICE,16 PLEASANT STREET,BRIDGEWATER,MA,023242420,41.98625885,-70.97978204646246,5,0
d6e955e8-8ee0-3169-835a-def6baf3a3c6,e9a24be5-b0a3-3fd2-a606-dd13498024ea,Estella474 O'Hara248,F,GENERAL PRACTICE,85 E MAIN ST STE A,NORTON,MA,027662307,41.971697,-71.17689334021827,37,0
0c85bf82-bf3c-3faa-a8ed-77a765ffb386,2befa435-3070-3350-a15c-e43ac1e84b24,Teressa589 Schuster709,F,GENERAL PRACTICE,575 BEECH STREET,HOLYOKE,MA,010406604,42.20105435,-72.628169560868,2,0
56be4824-5e88-3953-8d70-41428201d5f9,00ffb204-07b4-3c72-a678-fa252e6cf86c,Alex454 Satterfield305,M,GENERAL PRACTICE,450 BEDFORD ST,LEXINGTON,MA,02420,42.47370735,-71.25090005,40,0
f00d8372-40dd-3d8d-a523-f8031f513d7f,b8421363-9807-3b16-a146-95336eea5cfb,Cleveland582 Kuphal363,M,GENERAL PRACTICE,30 LOCUST ST,NORTHAMPTON,MA,010602052,42.33032115,-72.65330802608176,49,0
829bc0cb-6e9f-3304-9be8-bc54244fc632,8424b5ec-ba0a-32e9-94ae-a9d397884093,Booker670 Casper496,M,GENERAL PRACTICE,49 BLANCHARD STREET  SUITE 101,LAWRENCE,MA,018431456,42.69651155,-71.1612176954981,27,0
6520b1ea-fa9c-3024-88a8-231716e273ab,3076e02a-deac-3e81-96a9-1d32cbda6fca,Randy380 Kilback373,F,GENERAL PRACTICE,59 EASTWOOD CIRCLE,GARDNER,MA,014403901,42.567006649999996,-71.97817904424542,10,0
1f9ef52d-754d-3c7c-8133-d436393ba259,65f0254a-73a3-3b06-bced-54d511445535,Elbert916 Carter549,M,GENERAL PRACTICE,720 BOSTON POST ROAD,MARLBOROUGH,MA,017523766,42.355106,-71.47654,4,0
ec3a4a60-c2e3-33ca-b828-3b8018896528,901c2d40-1ca3-3879-9a20-c663b8adc0a9,Emory494 Schuster709,M,GENERAL PRACTICE,800 WASHINGTON STREET,STONEHAM,MA,021802445,42.4863168,-71.0928919,7,0
c44c1776-121c-3021-9895-b3319722e0a7,e6cc6043-299a-3581-8f6b-b3b5d62c46ae,Ellen406 Farrell962,F,GENERAL PRACTICE,532 SUMNER AVE,SPRINGFIELD,MA,011082458,42.08631583333334,-72.55792579166666,53,0
aefef2a4-9260-3939-8a77-b58f33889467,b9e35b8a-9831-32d8-a6dc-d7a546c126b0,Domenic627 Blick895,M,GENERAL PRACTICE,111 HUNTOON MEMORIAL HIGHWAY  1ST FLOOR,SPRINGFIELD,MA,011092550,42.1018764,-72.5886727,145,0
bc6cf9c9-ac16-3715-8370-dd19ea5d6fa1,22249c0a-8ce9-3726-a3bb-b037c773ce5c,Thaddeus38 Sauer652,M,GENERAL PRACTICE,337 NEPONSET AVENUE,DORCHESTER,MA,021223103,42.2875144,-71.0470691675753,8,0
3f25b858-ba73-3fb3-9fd1-2b463069e3a7,7a75decf-7d3f-3b0d-8c2b-3abf0a8c7f58,Afton574 Kulas532,F,GENERAL PRACTICE,169 LIBERTY ST,MIDDLETON,MA,019491003,42.615226050000004,-71.0144865346162,53,0
50c27ad2-62ef-39bf-ae92-cdbab4f45e4f,38508743-50d1-3429-8fe2-37e42ddaf20e,Marth98 Mayer370,F,GENERAL PRACTICE,164 HIGH ST,GREENFIELD,MA,013012778,42.595268700000005,-72.59288632376354,144,0
c8d92301-462c-3b57-8806-3d324182ab2c,2f735290-1603-31b5-b561-7c8e0d413170,Amado512 Adams676,M,GENERAL PRACTICE,100 FOXBOROUGH BLVD STE 230,FOXBOROUGH,MA,020352878,42.041851949999995,-71.23486657070565,42,0
783fe011-4e06-3eed-9de0-d68328c6a7d0,954e01a8-3b27-314e-9c77-254f1ac9c917,Graciela518 Lehner980,F,GENERAL PRACTICE,116 Long Pond Road,Plymouth,MA,02360,41.924313,-70.656654,83,0
b6847d07-891d-3a0f-8841-986be5494df0,9b1f8cd0-2246-3f4f-82df-23ea314c7665,Claudio955 Bruen238,M,GENERAL PRACTICE,800 ESSEX ST,LAWRENCE,MA,018414617,42.70162725,-71.1755487945157,2,0
ed339e72-f569-3bf3-96f6-554abbf3ee80,655f2a4f-419c-39d3-8ed6-6c4117eb7e32,Gerardo48 Herzog843,M,GENERAL PRACTICE,21 MAIN ST,NORTH READING,MA,018641326,42.566971949999996,-71.10799861135133,15,0
7c2b5fbd-5047-3174-a8bc-67dd8a22a92a,0caa0116-ef9a-3d4c-bcff-9c405a9d2bda,Aubrey96 Emard19,M,GENERAL PRACTICE,105 CHESTNUT ST STE 35,PLYMOUTH,MA,023604054,41.884685,-70.847219,62,0
11687186-dc8d-39c9-83d1-387153d9c8d1,d4e48a16-0a60-3e90-81e5-c35b22ffe6af,Elmer371 Kutch271,F,GENERAL PRACTICE,856 STATE RD,NORTH ADAMS,MA,012473027,42.69967208677275,-73.16330754755236,5,0
4017bd91-3e46-3ba5-a9ec-58fddb0a8778,39c15c0f-5c49-311e-99d2-1fb99d80e06e,Salvador46 Homenick806,M,GENERAL PRACTICE,398 NEPONSET AVE,DORCHESTER,MA,021223134,42.286764399999996,-71.04402811508834,29,0
f44e3736-e06f-341e-88da-dc0269acdeaa,bccd7d67-203c-3d93-b6b0-bff5a146cd1d,Paulene52 Kihn564,F,GENERAL PRACTICE,286 WASHINGTON ST,STOUGHTON,MA,020721763,42.1384306,-71.1022598,62,0
8a070b89-f6b0-3ef8-885d-69be2d641a6d,63cb4d95-04a9-3a35-b5d9-f89e0377a48d,Chu728 Weber641,F,GENERAL PRACTICE,211 PARK ST,ATTLEBORO,MA,027033143,41.9419187,-71.2752081695297,45,0
803d8ad0-984d-3da9-896a-5fb78e088dec,3d09dd1a-257d-3eee-977d-1b076002cf2d,Temple691 Reichert620,F,GENERAL PRACTICE,620 LAUREL ST,LEE,MA,012389181,42.325270573922175,-73.26123519130739,1,0
b7d942a1-256a-35de-8cb5-6d5ccc2c8920,db28cc9a-fdfb-35a6-aef7-ab9b933ef244,Clement78 Gleason633,M,GENERAL PRACTICE,8 DANA STREET,CAMBRIDGE,MA,021385402,42.3694992,-71.11011030010101,35,0
9392cb51-1847-3407-9d4d-77af734d10b1,9d0e702d-50a0-3f4c-9126-0951d560fd4b,Hellen346 Roberts511,F,GENERAL PRACTICE,189 MAY ST,WORCESTER,MA,016024339,42.25986305,-71.83597786023279,209,0
647cd746-f56b-3ea0-922e-a8dd38364886,c656d426-a307-372e-85f4-add29b4f178b,Quincy153 Larkin917,M,GENERAL PRACTICE,174 ARMISTICE BLVD STE A,FALL RIVER,MA,027212367,41.7010642,-71.1546367,54,0
11b42090-b092-326b-9170-e6d326339ce1,c7542447-e06e-32cb-b6db-243c23a0dbc2,Chantell995 Krajcik437,F,GENERAL PRACTICE,30 WARREN ST,BOSTON,MA,021353602,42.3501483,-71.14393324457691,200,0
d4bd2a79-a27a-3a81-883d-8fb619a90985,d9fe2c9c-135e-3da3-8de8-1a0ff165d886,Eldridge510 Marquardt819,M,GENERAL PRACTICE,1430 MAIN ST,WORCESTER,MA,016091121,42.2492003,-71.92931780325071,81,0
d52ed974-e054-3b0e-98cb-2bded32bc9ea,8bf5325a-c11b-35c4-b07d-17a5aeba8353,Penni796 Okuneva707,F,GENERAL PRACTICE,815 WORCESTER STREET,SPRINGFIELD,MA,011511001,42.1018764,-72.5886727,5,0
adb0f45c-660a-3498-8720-e10add955ea4,aba3e6f6-4562-342e-b90f-dd61b117f394,Maryjane289 White193,F,GENERAL PRACTICE,438 CHESTNUT STREET,SPRINGFIELD,MA,011072008,42.11291091861002,-72.59692685125127,16,0
31cd0a9e-5353-37b7-a147-d0d4ab6432e0,47fb5a56-bee5-3ecd-9958-706b20831c82,Karey608 Torp761,F,GENERAL PRACTICE,600 CUMMINGS CENTER  SUITE 270X,WOBURN,MA,018016356,42.4792618,-71.1522766,3,0
3c802e82-d77b-322a-a8c9-2bd06510a8c4,72f50aa0-d8c9-34dc-ac58-c428323f3bcd,Lourdes258 Agosto501,F,GENERAL PRACTICE,55 FRUIT ST,BOSTON,MA,021142696,42.36286045,-71.06875296664998,76,0
467cfdc0-5854-3cf7-93c3-48277f7d079f,eee00932-ca82-36bc-b7e8-e3fff6dbaeaa,Cira533 Hane680,F,GENERAL PRACTICE,450 BROOKLINE AVE,WEYMOUTH,MA,021893141,42.2212188,-70.9391625,34,0
bd429a94-c817-36f8-a514-dbb09ac811d1,a194e94a-dd16-347e-95ea-8d00052c14d1,Octavio643 Gusikowski974,M,GENERAL PRACTICE,833 MAIN ST,S YARMOUTH,MA,026645254,41.65171785,-70.21464095380932,6,0
fbb5e8ea-617a-36f3-8bff-06762131e63a,6873525f-1680-3ceb-b536-270d44b46e2e,Lai148 Nicolas769,F,GENERAL PRACTICE,500 COLUMBIA RD,DORCHESTER,MA,021252322,42.3147979,-71.067633,85,0
2db2fcdd-4971-3b00-9bba-5ccf864da4bc,f8918a95-31e8-3ac4-8d12-29ca6080ebda,Domitila545 Vandervort697,F,GENERAL PRACTICE,199 REEDSDALE RD,MILTON,MA,021863926,42.251368299999996,-71.0768393856917,202,0
7f3e6e67-3652-34d5-94df-1418f7c49088,9cec3b3c-fe3f-344e-b9c3-e414dafcd19f,Parthenia862 Dickens475,F,GENERAL PRACTICE,120 MAIN ST,MALDEN,MA,021486904,42.41918695,-71.06618960434116,1,0
ba6e646c-1f02-3438-968b-fe258352130a,3ff0f58b-7a1f-3334-9449-ff15f68b7d86,Crystle668 McCullough561,F,GENERAL PRACTICE,275 SANDWICH ST,PLYMOUTH,MA,023607761,41.94186605,-70.6455366462985,567,0
4d202347-0c4c-3319-9a0d-c6a32a3c4054,70e3ad4f-b9ff-3f3e-9990-2cd7e23a9d1c,Tambra47 Bosco882,F,GENERAL PRACTICE,1238 RIVERDALE ST,WEST SPRINGFIELD,MA,010894675,42.1373438,-72.62624707492338,4,0
b3ce35b1-d7c6-38eb-963a-40b5c58f2ca8,8ddbad9e-b5fc-3895-8a1c-17f32197a865,Barrie587 Nicolas769,F,GENERAL PRACTICE,1455 MAIN STREET,CHATHAM,MA,026332083,41.6827332,-69.98755685244114,10,0
2000f057-7788-38f5-9e6a-a906a38bd087,dd280187-8662-3732-af81-595d10572911,Mertie42 Lakin515,F,GENERAL PRACTICE,4499 ACUSHNET AVE,NEW BEDFORD,MA,027454707,41.74026055,-70.9450945705336,262,0
95445153-2b51-343a-8559-b668856db3d7,004554b4-3068-3938-832d-fa7cbe1cd1fb,Lacy523 Littel644,M,GENERAL PRACTICE,25 STONEHAVEN DRIVE,WEYMOUTH,MA,021903951,42.1589443,-70.94970431672323,4,0
763eb952-2888-36f0-99cc-d3c4063ed3d6,dae3ee01-f383-366e-9ad6-dc92963064ea,Kristin64 Will178,F,GENERAL PRACTICE,1233 MAIN ST,HOLYOKE,MA,010405381,42.16578055,-72.63389634691956,2,0
ced6866f-6b34-3b41-93c8-60a01e5b5735,dac75bc1-cbfa-306b-9a0a-88d5edf3638d,Henry768 Ebert178,M,GENERAL PRACTICE,170 COREY ROAD,BRIGHTON,MA,021358244,42.3433093,-71.14003855124017,8,0
c3ccfe49-9e32-3fe8-8432-f3127d5e6af4,b7488009-cd48-3a0d-87c4-6c47d1ceb3c8,Marielle507 Hayes766,F,GENERAL PRACTICE,95 COMMERCIAL STREET,BRAINTREE,MA,021844301,42.22110375,-70.97097247044559,7,0
acfaf8ba-e214-3ee7-ba2e-a94a27dbd9a2,87472bc2-7c23-37cc-8355-7f3e88614b6b,Leilani136 Kris249,F,GENERAL PRACTICE,305 MAPLE STREET,EAST LONGMEADOW,MA,010282765,42.059258494749486,-72.53388585052694,50,0
71b7da5c-da57-3dab-ad11-0cfe9853dc72,af3871c3-2098-3051-bcb7-8a919e194a16,Rafael239 Hernádez343,M,GENERAL PRACTICE,97 LIBBEY PKWY,WEYMOUTH,MA,021893110,42.19322885,-70.94589987654936,43,0
b0d2f6e0-226e-3f12-b165-d337b2f5d2b3,542185c1-943a-30f4-aba0-0efaa92488a4,Wilbur107 Rau926,M,GENERAL PRACTICE,142 LAKE ST,ARLINGTON,MA,024764738,42.40328885,-71.15140830652837,34,0
cbcb57be-d697-3992-b42a-55bfd77e5650,9f2f60a6-87a4-3f45-b753-b63b5b7e9993,Raul814 Considine820,M,GENERAL PRACTICE,332 HANOVER STREET,BOSTON,MA,021131901,42.3647421,-71.0536619,37,0
e87e76b3-9788-3881-bbba-0446108a48ab,ab16be57-62ea-39a5-8f7a-ee1285cf6934,Ciara810 Gibson10,F,GENERAL PRACTICE,115 MILL ST,PETERSHAM,MA,013669503,42.4865962,-72.1893057,10,0
1a56331b-306e-3b65-8426-5253203a9f67,4ffc4e4b-9d8d-3c30-ad84-fc9a7209da94,Troy560 Carter549,M,GENERAL PRACTICE,4525 ACUSHNET AVENUE,NEW BEDFORD,MA,027454727,41.74080975,-70.94731021257817,2,0
7a7bbf3d-a7e9-3768-9fd7-c6b1ab13c9d0,bebc1dac-6c42-3225-b0ba-23278cdf2a62,Cherry401 Hackett68,F,GENERAL PRACTICE,464 MAIN STREET,AGAWAM,MA,010011826,42.07695165,-72.62026217030348,2,0
23ab92b7-7f64-3d7f-a587-7a7fbfdbd7d6,5a6fa8a5-90e2-3f70-bb3e-3d9dd7ad2f96,Myrle831 D'Amore443,F,GENERAL PRACTICE,44 NEW LOMBARD RD,CHICOPEE,MA,010204857,42.1678446,-72.54203576723424,3,0
f1c9f3fe-6452-3919-8f11-0bcd665c4396,e69e7cbb-8362-30d1-83f2-3a0c492fe2b1,Isaac321 Kub800,M,GENERAL PRACTICE,110 LONG POND RD,PLYMOUTH,MA,023602642,41.9255829,-70.65514326847389,207,0
25c54188-a951-3590-bd47-ae05e76772e6,d13ac855-c068-3b57-8d65-fc3c90f32558,Dorsey40 Orn563,M,GENERAL PRACTICE,383 SOUTH ORLEANS ROAD,BREWSTER,MA,026312870,41.738964949999996,-70.00124453922743,6,0
b07a1340-6b7e-37ca-8b44-db4cbd4b1cf8,afc661fd-71d9-3fc3-adf2-3fc3b5e8a140,Hyman89 Schmeler639,M,GENERAL PRACTICE,680 CENTRE ST,RAYNHAM,MA,02767,41.9487118,-71.0731008,232,0
5063e6eb-51b2-306b-be81-baaf50cb868e,98bf9e06-f827-310f-8022-35ee33686f76,Edward499 Torp761,M,GENERAL PRACTICE,204 PROCTOR AVE,REVERE,MA,021514923,42.41420445,-71.0184707933218,1,0
124a07ac-ea11-3009-8ed4-c19a317bd79e,759de184-595f-3131-ba20-6a412553496d,Marco578 Pacocha935,M,GENERAL PRACTICE,49 THOMAS PATTEN DR,RANDOLPH,MA,023683901,42.1594587,-71.06112167252701,1,0
8028dc06-d604-32ef-8ef8-087ddff06437,db106514-f254-3402-b6a4-6d210c78c7e2,Morris740 Runolfsdottir785,M,GENERAL PRACTICE,211 FRANKLIN STREET,QUINCY,MA,021697833,42.23691085,-71.00237199954586,3,0
3829a89b-9e6b-3e41-ae0f-c9bbeb94b55d,ee7fab6f-6438-394f-b1f2-3e452f8f055a,Domonique463 Satterfield305,F,GENERAL PRACTICE,75 BRIMBAL AVENUE,BEVERLY,MA,019156009,42.570099299999995,-70.87108224250409,17,0
0c716091-d9b6-3e28-a92f-b043c38b7d28,907b1d2f-2bf8-31b5-abc2-14d6b75faa96,Lizeth852 Ernser583,F,GENERAL PRACTICE,340 MAPLE ST,MARLBOROUGH,MA,017523200,42.3358161,-71.54106510218209,57,0
ecdf6eda-38e5-37dd-a9ae-05a90f56e896,880fad59-9c38-3a21-a39f-ccc801502ab3,Halina47 Pollich983,F,GENERAL PRACTICE,799 CONCORD AVENUE,CAMBRIDGE,MA,021381048,42.390849395521705,-71.1556550001627,10,0
c984b0e0-61fb-318c-a49e-4cc0a4001aa9,352f2e3b-0708-3eb4-9f7e-e73a685bf379,Gregg522 Willms744,M,GENERAL PRACTICE,157 UNION ST,SOUTHBOROUGH,MA,017721215,42.3056501,-71.5245087,216,0
c673d6f3-5a82-3297-b364-6c79646a0053,34f7bdc0-0550-333e-a53f-5e2af5a6d4ec,Augustine565 Kreiger457,M,GENERAL PRACTICE,212 S MEADOW RD UNIT 5C,PLYMOUTH,MA,023605450,41.9426657,-70.7618592,41,0
2818da00-3603-3457-8d05-cd3dd63dac77,4fa643ae-1f58-3c2e-9f33-0ba56345ad10,Trevor374 Williamson769,M,GENERAL PRACTICE,361 MAIN ST,WAREHAM,MA,025712153,41.761384899999996,-70.71911431737183,55,0
2bbdd021-3b8c-322f-afc4-9f6ecb08b399,fb4a08b8-57ee-382b-b3cb-43d94f1bb4c0,Ignacio928 Abeyta738,M,GENERAL PRACTICE,1010 SOUTH MAIN STREET,FALL RIVER,MA,027242855,41.690775450000004,-71.16515282264554,45,0
1b59c4a1-9157-3cf4-baf1-70f100379cc4,2b97893e-dc50-378b-a266-f089b8450329,Magdalena964 Torphy630,F,GENERAL PRACTICE,250 MOUNT VERNON ST,DORCHESTER,MA,021253120,42.3194571,-71.04610844302991,92,0
1624c334-e6da-314e-a7cf-2c945ad8d1d7,3d5fbf38-c781-3e04-8c7e-5a402611b7d4,Vito638 Barton704,M,GENERAL PRACTICE,260 ELM ST,SOMERVILLE,MA,021442951,42.3955992,-71.1227391,106,0
f0e815e0-af4a-3873-912b-0f9c9f0583b9,d6b03647-983f-3162-af9e-b12aea026f13,Willetta882 MacGyver246,F,GENERAL PRACTICE,65 NEWBURYPORT TPKE,NEWBURY,MA,019501199,42.7891081,-70.87774011339009,17,0
74c3ced6-9c79-3941-a49c-f6d73101939d,03c5769d-b185-35ee-b563-9e651cff95bc,Alina705 Rohan584,F,GENERAL PRACTICE,807 WILBRAHAM RD,SPRINGFIELD,MA,011092067,42.1108434,-72.5341133,1,0
dd5d1838-9ba2-34e7-93bf-97db5003c749,2f67494e-f17e-3248-ba68-3ca42913cca1,Majorie11 Bergstrom287,F,GENERAL PRACTICE,184 MAIN STREET,FAIRHAVEN,MA,027193259,41.646106,-70.90865208079187,40,0
ae11a5ff-79d4-3891-86f1-94d1a78b450a,0d19a52f-6f9b-32aa-9aad-6b7027cc668e,Spencer878 Mills423,M,GENERAL PRACTICE,7 SANDISFIELD ROAD BOX 216,SANDISFIELD,MA,012559621,42.1131485,-73.1299243,9,0
21246d53-76b8-3ff4-934c-4558cdb0e365,52efa2e5-007f-3396-a83a-28ca015f0595,Walton167 Turner526,M,GENERAL PRACTICE,20 N PARK AVE STE 2200A,PLYMOUTH,MA,023604090,41.960434631488596,-70.67007876763536,31,0
7b6a0335-e3b8-386e-a574-3efaeef14b0d,069b90f9-309b-35e4-b990-d1dbacb962cc,Leo278 Strosin214,F,GENERAL PRACTICE,36 LOWER WESTFIELD ROAD,HOLYOKE,MA,010402749,42.16975305,-72.63488031242107,24,0
cb05d365-d0f3-342f-8b1b-61ef72346dc8,b3f4de6b-901d-3856-ba81-35dc48a63d17,Darren774 Cronin387,M,GENERAL PRACTICE,451 ANDOVER ST STE 205,NORTH ANDOVER,MA,018455079,42.6734518,-71.1268776,29,0
994462cb-30c8-3d67-9180-141ec16dedf7,4ba48ef6-19f2-3177-bfaf-096daaebf26a,Gerald181 Wunsch504,M,GENERAL PRACTICE,275 TURNPIKE ST,BRAINTREE,MA,021845328,42.2064195,-71.005067,29,0
90c06e78-3a45-3e9f-a61f-d8ff3ede0f0e,e5ce3b83-f5e6-308d-aa64-82539fc2d906,Garret233 Dach178,M,GENERAL PRACTICE,1842 BEACON ST,BROOKLINE,MA,024451922,42.33728028715071,-71.14536064081996,2,0
eac26f18-a0a3-30cd-a4a4-33c6a12a72c0,936ceb96-2b12-371f-aa68-ee02a9c06f4c,Alan320 Keeling57,M,GENERAL PRACTICE,225 BOSTON ST,LYNN,MA,019043124,42.470497449999996,-70.96003668151566,28,0
2cdc4672-2c8c-3981-8178-98764680a1d1,51759ecf-0948-3f61-b8fc-09dd8f2b90a1,Damon455 Schultz619,M,GENERAL PRACTICE,CHRISTIAN HILL ROAD,GREAT BARRINGTON,MA,012301108,42.207865,-73.360405,14,0
6933fc88-cbbe-3caf-b93a-f12c593a40cf,a855314b-4fb5-37fc-8015-5caa96c928b1,Terrence276 Kiehn525,M,GENERAL PRACTICE,759 CHESTNUT ST,SPRINGFIELD,MA,011991001,42.121522049999996,-72.60300615153007,342,0
2852eadd-8619-3865-9530-76395e441c61,48a6d3ab-50ef-349e-8945-2558a78f378e,Mercy752 Kuhlman484,F,GENERAL PRACTICE,795 MIDDLE ST,SWANSEA,MA,027774114,41.730919,-71.208117,325,0
df8f65fb-f9a9-3395-b707-b17f827722d1,929528f5-8239-36c7-aacb-39424ede9cc5,Carmine137 Schinner682,M,GENERAL PRACTICE,40 SUNSET AVENUE,LENOX,MA,012402018,42.35951405,-73.28778674276077,13,0
252e46c0-2da1-3666-ab6b-e79ef3a57645,7b20d1c4-c56b-3647-801c-5e4e13679073,Mozell819 Prohaska837,F,GENERAL PRACTICE,275 SANDWICH ST,PLYMOUTH,MA,023602183,41.94186605,-70.6455366462985,479,0
d7750379-bfd5-34c6-8c40-c1a734c1ec6f,3e97ce4f-3ad7-3cea-883f-e2bb4ca89d83,Fidel864 Swift555,M,GENERAL PRACTICE,30 NEW CROSSING RD,READING,MA,018673270,42.51809619399502,-71.0959083715027,10,0
011d97f4-070f-3406-835b-230a8a43c71a,e982819a-87b3-3124-a0f2-85f8afcc7731,Alfred550 Goldner995,M,GENERAL PRACTICE,140 COMMONWEALTH AVE STE 202,DANVERS,MA,019233625,42.5524742,-70.94443165548033,28,0
f48dc3d4-8331-30e1-8d1b-820653017d73,36d328a2-68bb-3967-a9bf-00897a7c945f,Jettie913 Rodriguez71,F,GENERAL PRACTICE,299 WAREHAM STREET,MIDDLEBORO,MA,023462905,41.869676,-70.873384,21,0
d2e4f5d3-4983-361a-b823-a73acbebe920,5225cc87-6a30-303c-a882-5f001cee7f0e,Ila598 Boyer713,F,GENERAL PRACTICE,110 W SQUANTUM ST,QUINCY,MA,021712122,42.27259075,-71.03082765,49,0
e5b11691-b485-376b-a922-4c2437a61309,6d6ef57e-b2ce-3a69-bacf-4305c51834b0,Lesha323 Skiles927,F,GENERAL PRACTICE,186 HIGHLAND AVE,SOMERVILLE,MA,021431507,42.38845955,-71.10666839512322,1,0
16e90428-b14b-3255-a267-eb81d818d270,79d49935-bcc0-36ca-920b-45365c367438,Jamel269 Hudson301,M,GENERAL PRACTICE,409 W BROADWAY,SOUTH BOSTON,MA,021272245,42.336831,-71.047958,26,0
5069ad1a-a40d-3085-a42b-fbc0b4780c48,0f2c58ec-5323-3c0f-9bdf-af0df7eb2a2b,Mana631 Boehm581,F,GENERAL PRACTICE,130 DORCHESTER STREET,SOUTH BOSTON,MA,021272642,42.3334312,-71.0494949,28,0
d36fb216-d36c-3682-ad62-ce1c81f5cdb8,51370692-6296-3150-8672-559fc73f964f,Jeromy156 Okuneva707,M,GENERAL PRACTICE,75 FRANCIS ST,WEST BRIDGEWATER,MA,023791542,42.0219112,-71.019004,334,0
3e615202-54ff-3e5b-902c-f608dc78113d,31e00f85-6909-3d9f-afc6-5ae507ab0c06,Kyle55 Collier206,M,GENERAL PRACTICE,382 GROVE STREET,BRAINTREE,MA,021847324,42.189369400000004,-70.98451984814267,55,0
f6149acf-55be-3547-86ee-b2035bd036de,06376cbe-4880-384b-b459-7ce3eef36ced,Cody889 Ratke343,F,GENERAL PRACTICE,387 QUARRY ST,FALL RIVER,MA,027231026,41.6932713,-71.1402431739568,116,0
c01c5d76-11d1-372b-81a1-b336cb8923ff,2836d9ac-c6a6-39d1-8f13-fdf0fc8928f4,Carlton317 Koch169,M,GENERAL PRACTICE,365 EAST ST,TEWKSBURY,MA,018761950,42.6069472,-71.2180803,29,0
0d63713b-d746-3707-a625-2decdcebc451,82c72223-f521-3a34-9b9b-4ff366365399,Shon148 Reinger292,M,GENERAL PRACTICE,2100 DORCHESTER AVENUE,QUINCY,MA,021691870,42.2509914,-71.0037374,41,0
815b6397-568e-31b3-883b-59e0e2ac2aef,719db77c-034f-3079-9b12-0d2ec2efeef9,Derick144 Murray856,M,GENERAL PRACTICE,1601 WASHINGTON ST,BOSTON,MA,021182006,42.3381394,-71.0748562,44,0
3a254cb8-90bf-34c7-bcc0-90ff9a82e255,83579123-f29c-39b8-9f5f-8f79e91683c7,Armando772 Carrera906,M,GENERAL PRACTICE,100 CENTURY DR,WORCESTER,MA,016061244,42.3138278,-71.7707002,19,0
ab1d6608-76e7-3e4d-9b7e-e5269f031013,adf66683-c158-3efa-8e6c-7b2a273aa4ba,Eden920 Lebsack687,F,GENERAL PRACTICE,15 MILL ST,MARION,MA,027381546,41.71414569747417,-70.7725958636297,1,0
895f65ea-570b-3a71-b987-e06d256013a0,e2eab39c-5195-34aa-b35f-e89e37cfed01,January966 Roberts511,F,GENERAL PRACTICE,55 FOGG ROAD,WEYMOUTH,MA,021893141,42.175539799999996,-70.9539153674405,482,0
0e2c62ae-e13f-3299-8fcc-f64c92b60fe8,1de7e7d9-9a7a-3a3f-bf4c-b4de450711f2,Vince741 Morissette863,M,GENERAL PRACTICE,198 LITTLETON RD,WESTFORD,MA,018863429,42.564282,-71.42620615382347,1,0
ec8033ab-a680-38f6-bda6-5022660aa44b,940d491c-ad61-3bd3-9054-d6d884280934,Petrina721 Huels583,F,GENERAL PRACTICE,321 CENTRE STREET,DORCHESTER,MA,021221112,42.29394375,-71.06005213312326,2,0
d7a25235-9031-350a-86ff-e66987e57ccc,05cc5056-7af4-3afb-9a5a-d7a1c23a2509,Francis500 Lehner980,M,GENERAL PRACTICE,2069 ROOSEVELT AVENUE,WEST SPRINGFIELD,MA,010892595,42.105237,-72.6213712,2,0
380bdf9a-c3d1-3751-aa0d-0e3c21a585e4,497f39dd-280e-3d58-af5b-c5e3a3a09b10,Arden380 Bergstrom287,M,GENERAL PRACTICE,27 PARK ST,HYANNIS,MA,026015230,41.65363635,-70.27352219234834,1108,0
27b42110-832c-3b37-b1c6-a829edaff79b,b0762027-dc86-335b-8310-f4f031c1caca,Buena501 Swift555,F,GENERAL PRACTICE,765 WEST CENTER STREET,WEST BRIDGEWATER,MA,023791517,42.01302315,-71.05345585281756,12,0
16999732-63c1-3ecf-a312-d26fb5fd5a72,eaaf102d-0188-3a69-a751-030645e2a7b0,Errol226 Kiehn525,M,GENERAL PRACTICE,605 MAIN STREET,WAREHAM,MA,025711031,41.76766153042966,-70.73096212925822,4,0
8ae84542-a5b5-307e-8cdf-2fd0717f0ee9,578b56de-fe9c-32e1-aea4-876f8bc01e9c,Ollie731 Dooley940,M,GENERAL PRACTICE,49 HILLSIDE STREET,FALL RIVER,MA,027205211,41.707406500000005,-71.14593659462452,33,0
9354a17e-4561-3e70-865b-df11757499db,0d7fd824-1c7b-3f8b-a662-f6c2005e82e1,Arminda86 Trantow673,F,GENERAL PRACTICE,88 MASONIC HOME ROAD,CHARLTON,MA,015071394,42.1389039,-71.9782681,6,0
c8d29ed0-6954-387f-b304-5e8ff0fb988c,accb8cdd-6560-3fef-b0a6-f12c3295026a,Gerardo48 Bergstrom287,M,GENERAL PRACTICE,969 PARK STREET,ATTLEBORO,MA,027035115,41.9266899,-71.2611303145582,1,0
19a4ef49-7703-38f6-804f-18c11f7996f2,83445caa-116b-3a1e-a75e-8104d321c4c3,Cythia210 Crona259,F,GENERAL PRACTICE,315 MAIN ST STE 101,NORTH READING,MA,018641326,42.596733799999996,-71.11988300141903,16,0
a1cc1680-44de-34e4-b021-70b9499f7b60,c5d5a544-0277-342f-8422-d30848a82438,Derick144 King743,M,GENERAL PRACTICE,151 ROCK ST,FALL RIVER,MA,027203201,41.70365955,-71.15259151299796,33,0
5180c509-541a-33a7-8ff2-85c192457148,1ab2b5f9-cb95-3236-beec-9b9d4a407c61,Carroll471 Eichmann909,M,GENERAL PRACTICE,725 NORTH ST,PITTSFIELD,MA,012014109,42.4600752,-73.2492795834909,142,0
44e5aabb-532d-3b38-beca-572c7d56eace,ec509895-6196-36d1-b91e-272bed7e6196,Norbert530 Veum823,M,GENERAL PRACTICE,40 ARMINGTON ST,ALLSTON,MA,021342406,42.3521617,-71.1375176,48,0
8a04e31c-eadc-3a2e-a798-af68faa82896,4f27686f-c8aa-3dd8-b272-f98bb903b3d7,Keila316 Walker122,F,GENERAL PRACTICE,1044 PARK ST,STOUGHTON,MA,020723762,42.10978265,-71.07043286195213,1,0
4baf4586-102e-3e2d-93ec-19e1a51f422f,41e2a44c-477c-3511-96f9-12c476aa3b6a,Antwan357 Lindgren255,M,GENERAL PRACTICE,85 E NEWTON ST,BOSTON,MA,021183553,42.336277100000004,-71.07085295687423,1084,0
4f509922-cbbb-3888-a1df-f36ff4cd5b37,f00601d0-d49e-30ed-bc3e-314379f2103e,Elijah719 White193,M,GENERAL PRACTICE,490 MAIN ST,MELROSE,MA,021763841,42.4550741,-71.0654799,31,0
be002ab5-6a90-35e7-8ddf-151924c54ef9,9d41e4fc-9507-3ddb-82ad-966046fca031,Ashlyn643 Lehner980,F,GENERAL PRACTICE,104 RANDOLPH ROAD,WORCESTER,MA,016062465,42.29955605000001,-71.79838133819244,1,0
6684fa45-1626-33db-ba11-e4a77cd9b743,5b0cd0a0-f277-3a66-bee6-d64b5be4a3f5,Waldo53 Hintz995,M,GENERAL PRACTICE,725 NORTH ST,PITTSFIELD,MA,012015493,42.4600752,-73.2492795834909,137,0
55969c51-a945-3730-ad56-1760e2c85e65,edbb9e9c-3440-3b38-abfc-83a8f0b6bebc,Malik994 Huels583,M,GENERAL PRACTICE,273 OAK GROVE AVE,FALL RIVER,MA,027232315,41.70179473202871,-71.13310371798859,1,0
afcf9a22-4bd5-3b85-a4ac-5a4860eed129,79a06fd6-9f2b-35e3-9b11-0bc5ff89e17c,Lady554 Kovacek682,F,GENERAL PRACTICE,225 Boston Road  Suite 107,Lynn,MA,01904,42.470093,-70.95994,227,0
6d193cfc-1621-39d3-901e-41f13fc059f5,b44955d1-f0e2-3beb-a013-708a81dbe430,Ernest565 Runte676,M,GENERAL PRACTICE,680 CENTRE ST,WEST BRIDGEWATER,MA,023791600,42.0219112,-71.019004,70,0
10b7584d-c7ee-357b-9159-6d0133df3b85,ad2dab07-4f85-3950-baaa-7c7cd2aa770c,Elvira561 Ureña88,F,GENERAL PRACTICE,55 LAKE AVENUE NORTH,WORCESTER,MA,016550002,42.2774799,-71.76166994969458,14,0
bdcf013a-0c8b-3f41-84a8-e2c95168fedd,1d45436f-15a9-326e-a452-2e9ffc9fc5e5,Wilfredo622 Mraz590,M,GENERAL PRACTICE,75 SPRINGFIELD RD,WESTFIELD,MA,010851832,42.111428849999996,-72.71189899299209,45,0
363bbe49-3a5f-3dad-b23c-74427f16c054,0d9b0d22-585e-3fd8-ab02-26b5be7915d1,Jean712 Koelpin146,F,GENERAL PRACTICE,516 CAREW ST,SPRINGFIELD,MA,011042330,42.12133575,-72.59217953646302,796,0
d9a6578f-5e87-3b92-9203-df0aaf9760fc,0d1570ab-371c-3898-9397-95905d8c5166,Santina680 Dicki44,F,GENERAL PRACTICE,750 WASHINGTON ST,BOSTON,MA,021111552,42.3499038,-71.0631836,120,0
9991fa38-7a13-3b5f-ab0d-c5a4f209257d,1853aeef-5897-326a-80d6-aa4b0459eb6d,Jewel43 Kassulke119,M,GENERAL PRACTICE,381 WICKENDEN ST,ATTLEBORO,MA,027032247,41.9438129,-71.2806515,46,0
2d24d4e0-f4f3-373b-9fbf-11602e3d6f2a,01bb7b5c-f850-3c4e-a3f1-442d8273559a,Charley358 Effertz744,M,GENERAL PRACTICE,395 PLEASANT ST,NORTHAMPTON,MA,010603914,42.3150543,-72.62555561349089,18,0
c902156a-3e9a-3931-af28-80c235ba5b81,2ca615f3-87f7-3283-a447-d919a883b676,Isaias604 Dickinson688,M,GENERAL PRACTICE,1399 WASHINGTON ST,HANOVER,MA,023391653,42.1441354,-70.8440854,8,0
077c869d-9bfc-3bdd-b779-ab0ec7a18b81,c0a33465-d309-3d2a-932e-9d554a7cc19c,Nathanael908 Rogahn59,M,GENERAL PRACTICE,100 CENTURY DR,WORCESTER,MA,016061244,42.3138278,-71.7707002,13,0
bd46bf79-f5ff-3d98-ab11-1ec07f564790,7f32dd7d-5c35-3ddb-839b-8fbbb930d412,María Luisa888 Melgar516,F,GENERAL PRACTICE,863 CENTRAL STREET,FRAMINGHAM,MA,017014813,42.30758060362541,-71.42846215724606,3,0
c5121f16-c5ae-329e-a047-77524b66e486,80646050-1c76-3046-bbc8-fd5f0b7c34e6,Raleigh478 Hauck852,M,GENERAL PRACTICE,140 ARNHOW FARM ROAD,FITCHBURG,MA,014201369,42.5903661,-71.8119837,34,0
a0701bf2-e761-3bf9-8d53-68a4f81e1c36,0a689d33-2b0d-3942-8de8-e28812e91c69,Noah480 Pagac496,M,GENERAL PRACTICE,47 SEAVERNS AVE # 5,BROOKLINE,MA,024463806,42.3317642,-71.1211635,51,0
fbe48bd2-8a91-3186-aaf6-c38958f8a584,e02d9c87-52cb-3f3c-9f97-fe95f260c437,Elisabeth967 Hoeger474,F,GENERAL PRACTICE,321 MANLEY STREET,WEST BRIDGEWATER,MA,023791022,42.0338457,-71.05496436428572,8,0
0a1fd907-4891-34a8-8e44-e6db53ecaa7a,bb867d36-0c8d-33b4-b19c-a8c026655b6c,Lahoma872 Macejkovic424,F,GENERAL PRACTICE,200 KENDALL ST,SPRINGFIELD,MA,011042532,42.12161175,-72.57784860231564,1,0
e8f68e02-1727-3a93-8458-126f189e41fc,8ec2ca51-abb4-35dd-b90f-6c6aad6d2124,Oda116 Conn188,F,GENERAL PRACTICE,22 JOHNSON STREET,PEABODY,MA,019602311,42.54644385,-70.99288129112277,12,0
8df2abf4-54a4-3c0c-8c54-ab0e500cb0c6,8af3b144-0e1a-3c90-937d-81a4ed026080,Latasha666 Fay398,F,GENERAL PRACTICE,800 WASHINGTON STREET,NORWOOD,MA,020623489,42.1886973,-71.2005241,15,0
c2a4792e-6cf5-3a51-8520-a3adc960c379,9fdce5d5-d4d0-3156-a8d5-8757bfe4e9b3,Rosario163 Kilback373,M,GENERAL PRACTICE,1 FARMER CIR,ARLINGTON,MA,024742866,42.42405225,-71.16792616556859,58,0
c8d1394f-85ee-3b17-8df6-9d9e3e007318,c5742266-625d-3824-9ed3-4b5c6bc3e296,Erica194 Goyette777,F,GENERAL PRACTICE,22 BRAMHALL ST,SCITUATE,MA,020664312,42.1939754,-70.7697128,40,0
2260461c-3207-3b52-8eff-a89a85721212,52323856-2b6a-3c09-8277-7d4ff9cb325a,Dolores502 Noriega353,F,GENERAL PRACTICE,99 PARK STREET,BROOKLINE,MA,024464406,42.3398029,-71.1238599,1,0
3412f20f-8d5e-3588-a617-7c8d6f2ded0f,e8d0fea4-45cb-32d3-8798-0fe6156c4409,Dannie881 Howell947,F,GENERAL PRACTICE,265 ESSEX STREET,BEVERLY,MA,019151958,42.56513015,-70.86168781456092,2,0
3bee5249-65c9-3503-8a13-f191bccab391,e5b9db6a-8dd8-3622-b9ce-3dc593e111d1,Harvey63 Tromp100,M,GENERAL PRACTICE,1223 BEACON ST STE A,BROOKLINE,MA,024465332,42.3430087,-71.1170155,11,0
8b9a5ce7-c9c3-311b-8315-543a9e8a2e11,e92dad8b-f485-315a-8fc4-1d7adfdc9c00,Ramiro608 Anderson154,M,GENERAL PRACTICE,581 FAUNCE CORNER RD,DARTMOUTH,MA,027471242,41.676111381167445,-70.98788528176077,1261,0
f19a10f9-21c3-3526-8577-0032061084a0,aad05540-c9cb-3805-b3c4-f9b9d9b42b2e,Quentin28 Fritsch593,M,GENERAL PRACTICE,821 E MAIN ST STE 3,CHICOPEE,MA,010206306,42.155774795300516,-72.55672263289513,160,0
3d7a50a3-899b-3a49-b585-cd449af2fea9,ce3b504c-f15c-3bcf-ba6e-dcb551cc7d7f,Dale454 Schmitt836,M,GENERAL PRACTICE,112 SOUTHAMPTON ST,BOSTON,MA,021182711,42.33240995,-71.06915010706255,59,0
c45bda02-9349-3ff6-96b7-8bd9997adfa1,76b7dbb5-0a02-32a4-9a01-3511f7e45016,Emerita401 Satterfield305,F,GENERAL PRACTICE,59 COUNTRY WAY,SCITUATE,MA,020663746,42.1806871,-70.74862935148246,10,0
eb494970-442e-395d-9836-3906cffebd9d,25c85bcc-7e25-36bc-89e8-08e0d473db23,Sharron285 Okuneva707,F,GENERAL PRACTICE,138 S MAIN ST STE 14,MILFORD,MA,017573272,42.1270746,-71.51639128815474,49,0
2bc482e4-36fb-38e2-bdb7-f25af11c2c80,c9aabcbd-d4e0-391f-8980-d0be6934ea82,Lindsay928 Leffler128,M,GENERAL PRACTICE,340 PLEASANT ST,BROCKTON,MA,023013236,42.08764334999999,-71.03287346676532,38,0
d90d0132-e3e3-38a2-8133-a28af0cf4e4f,d9b71ccf-6649-3555-9e99-44eac0af257f,Javier97 Collier206,M,GENERAL PRACTICE,655 DEDHAM ST,WRENTHAM,MA,020931135,42.084901,-71.30689224201797,6,0
568e0bca-c311-3c11-93ac-7150ff82c527,7348f15f-ec3d-3aef-821a-8de550c90f26,Dudley365 Pfannerstill264,M,GENERAL PRACTICE,292 WASHINGTON ST,GLOUCESTER,MA,019304832,42.6249323,-70.6824382785235,1,0
189d506d-8950-3cee-8095-846bdf0db9d4,2f5c26cd-be8d-351a-97af-23fbcaba0967,Dorethea38 Casper496,F,GENERAL PRACTICE,36 CORDAGE PARK CIR,PLYMOUTH,MA,023607320,41.978323,-70.689036,3,0
a98cd6f3-2eee-3b3b-b535-8f35083a001d,ede8251b-e165-3ef6-b8a0-305217ba8e88,Gene733 Boyle917,F,GENERAL PRACTICE,710 STOCKBRIDGE RD,LEE,MA,012389316,42.29155405,-73.28210389651024,68,0
a3625dec-e1eb-3d6c-b243-12be1163380e,cbebae9e-f95e-3d2c-9712-289ea8d6aeec,Inés791 Vergara204,F,GENERAL PRACTICE,49 ROBINWOOD AVENUE,QUINCY,MA,021698130,42.2509914,-71.0037374,68,0
f5391a49-761d-37f2-a0fa-c1911ed1be81,1cec4304-9757-3a10-ad4f-7e2090c56131,Theo630 Rohan584,M,GENERAL PRACTICE,55 LAKE AVE N,WORCESTER,MA,016550002,42.2774799,-71.76166994969458,112,0
e347171a-9b8a-3e21-9eef-f189e4a76f02,a8f1424c-00bc-3403-8db5-cd600978f3a4,Corazon138 Bogan287,F,GENERAL PRACTICE,8 BURNHAM ST,TURNERS FALLS,MA,013761816,42.6042523,-72.5564777,43,0
43cbfb6c-3d34-342c-b59a-09873bc54ca0,78cd7edb-2df6-34da-b463-5f9eb15cf862,Rusty501 Pacocha935,M,GENERAL PRACTICE,1 WEBLY ROAD,YARMOUTH PORT,MA,026752000,41.7020544,-70.249465,31,0
c5d7d9af-9426-3bf7-83f6-1c9707b6451c,a5577e5c-b886-37a0-8eee-8ff6feb7ea6b,Leopoldo762 Keebler762,M,GENERAL PRACTICE,330 MOUNT AUBURN ST,CAMBRIDGE,MA,021385502,42.3741033,-71.13417575971958,178,0
40d09b1f-c23c-310b-9287-a31fc69c60fc,20df65a4-7567-3066-b680-0f71b0c31d38,Adela471 Téllez750,F,GENERAL PRACTICE,242 GREEN ST,GARDNER,MA,014401336,42.58685735,-71.98748072431209,65,0
db482103-fd63-359b-a71f-779e2381f285,7dcab1ad-0e13-3700-9eb0-70767c5e2b55,German382 Wilkinson796,M,GENERAL PRACTICE,1515 ALLEN ST,SPRINGFIELD,MA,011181803,42.095299499999996,-72.50943136142334,80,0
9d612767-c7c7-3a06-9d19-02159bb01269,ce9c1582-994d-32bf-835c-474a249d2804,Maude482 Veum823,F,GENERAL PRACTICE,275 MARTINE STREET  SUITE 104,FALL RIVER,MA,027231500,41.68393816525316,-71.1220830626733,14,0
a3cf8d38-0c41-317d-b2b4-681c49d8fa82,9b8a7a25-b923-3710-9f3c-d42919a3f54f,Heriberto162 Ondricka197,M,GENERAL PRACTICE,146 MAIN ST,MAYNARD,MA,017542651,42.4309786,-71.4552968,30,0
f4c9f6d6-964a-3d8b-a2c8-8680702f386a,9656a864-3b93-356f-9fa6-d7988e249977,Josh874 Feil794,M,GENERAL PRACTICE,950 N MAIN ST STE 203,RANDOLPH,MA,023683064,42.1871612,-71.0568102,36,0
ae46f5b6-eff0-3012-bc87-7392c13cad4b,4eddfa13-f996-3048-9bbc-541b0a29038a,Annelle169 Schmidt332,F,GENERAL PRACTICE,736 CAMBRIDGE ST,BRIGHTON,MA,021353601,42.348649949999995,-71.14799584850206,25,0
3f66ec2a-eab1-38f8-b34c-b2e697eb58c8,845fbd9b-2d1c-39a8-8261-28ae40e4fab2,Bennett146 Rippin620,M,GENERAL PRACTICE,14 PROSPECT STREET,UPTON,MA,015681431,42.1700209025178,-71.59409308099494,13,0
2dd69cd6-279f-37bd-abae-794b4fc0e222,bac9dc0c-cb0f-3fa6-aa12-819dd0fb922a,Nicholas495 Greenfelder433,M,GENERAL PRACTICE,1493 CAMBRIDGE ST,SOMERVILLE,MA,021452935,42.3875968,-71.0994968,23,0
ebd7e810-7c90-3260-a810-cfdd673b9039,9ce6072b-d039-3cde-8eaf-950211b8ae88,Terrie907 Ratke343,F,GENERAL PRACTICE,147 S MAIN ST,MIDDLETON,MA,019492446,42.585787222720036,-71.00861442427218,75,0
7561637a-bf30-386e-b9d7-0c5a30c0cfec,2576629d-4a1a-3a63-8c08-779cbd8ef98b,Naoma512 Bashirian201,F,GENERAL PRACTICE,204 MAIN ST,ORLEANS,MA,026533428,41.78516795,-69.96772048551409,200,0
31c7d7d2-5f28-3c36-8522-eb4668525abf,af8566eb-8918-3ec7-ba44-92b6a2cf8097,Madelaine318 Walker122,F,GENERAL PRACTICE,81 HIGHLAND AVE,SALEM,MA,019702714,42.5112107,-70.90516241826194,286,0
43d722b6-ba9e-36be-ba4a-ede4d3e6ff63,ecd3b321-0a8a-3ce6-81f0-982dd77fce43,Hunter736 Lesch175,M,GENERAL PRACTICE,25 HIGHLAND AVE,NEWBURYPORT,MA,019503867,42.81369325,-70.89091645747592,21,0
a12ea4ac-e58a-33c0-9241-02889d96cfb4,eb2596c3-8814-3add-8516-474214bf5c62,Jaqueline846 Lemke654,F,GENERAL PRACTICE,250 W UNION ST,ASHLAND,MA,017211420,42.24214015,-71.48110671819278,1,0
1aa07ebd-44a2-3214-b02c-d023ae82c0ab,42c13743-f36f-370a-a5ca-3e3c9795e02d,Tiffani287 Toy286,F,GENERAL PRACTICE,17 CHIPMAN WAY,KINGSTON,MA,023641039,42.0115267956362,-70.78988939618995,2,0
262105f8-44bb-30e0-a3cf-5969ee5e37f2,058176fd-cbb0-328b-8411-c19f5045032d,Dion244 Sanford861,M,GENERAL PRACTICE,840 EMERSON GARDENS ROAD,LEXINGTON,MA,02420,42.43761961817366,-71.19888753880475,9,0
86ef9495-9513-3fb9-931b-0bfa998fb0b4,9a20d707-68e4-32c0-b2b2-2f5d5c2012cd,Gerard367 Pouros728,M,GENERAL PRACTICE,131 CAMBRIDGE ST STE 1,BURLINGTON,MA,018033711,42.50284395,-71.19574553661971,31,0
3617c743-5be1-3737-b13d-d46cb2aa1108,f90ef475-defe-363d-a926-573b38f804a2,Kristopher775 Schiller186,M,GENERAL PRACTICE,54 HOPEDALE ST,HOPKINTON,MA,017481672,42.2288875,-71.5196439,41,0
5bd2ad03-e922-3015-bc10-6df51d095645,41f66e18-8eb7-32f2-9371-7df5bf2b8d21,Lonnie913 Mraz590,M,GENERAL PRACTICE,170 UNIVERSITY DRIVE,GREENFIELD,MA,013011238,42.6097476,-72.5979752,1,0
b079748a-17fc-368e-914b-f7448603c263,a25107f7-f4f5-36fc-98e4-f3e1b5875c91,Lorena247 Garay400,F,GENERAL PRACTICE,1285 BEACON ST,WOBURN,MA,018012157,42.4979478,-71.1684508,5,0
372e7074-e033-3ded-adec-62c4a4d510d4,0e6c3ad1-24c1-34cb-bb6d-e8438fa319e2,Vicente970 Almanza534,M,GENERAL PRACTICE,50 DODGE ST,SWAMPSCOTT,MA,019071300,42.4699241,-70.9171507,7,0
6860ad4e-38f3-3e34-b317-c084d3907742,4f9dd195-07b8-3a81-8b7a-58852a0e6cdf,Tonja658 Goyette777,F,GENERAL PRACTICE,47 E MAIN ST,WEST BROOKFIELD,MA,015852906,42.2355113,-72.1381676,3,0
aad466f4-e07a-3c10-94ff-1e3ada7ac9b8,3695125c-c052-3ece-898a-2a6448987ae5,Cecilia788 Granados71,F,GENERAL PRACTICE,2040 BOSTON RD STE 5,WILBRAHAM,MA,010951380,42.150295650000004,-72.47288272264812,7,0
5dcb7149-c964-37bb-85eb-7d8e8597f7b8,05fcf001-ab24-3d7d-85f7-f64942d82738,Nickolas58 Schumm995,M,GENERAL PRACTICE,250 POND STREET,FRAMINGHAM,MA,017014592,42.2838619,-71.4093719,20,0
c6bfd5f8-75cc-3285-a625-2ab555dc46bd,7e6db51f-7c1b-3555-9e1c-6269ba6d704d,Drew592 Streich926,M,GENERAL PRACTICE,120 STAFFORD STREET SUITE 206,WORCESTER,MA,016031461,42.239638,-71.8443785891577,10,0
9f74e8eb-ee7d-3952-94ab-1692fcdbda85,83769f98-fff3-3535-8781-6ace5957136f,Harland508 Breitenberg711,M,GENERAL PRACTICE,115 NORTH AVENUE,ROCKLAND,MA,023702129,42.13496385,-70.92237824494691,8,0
13d495d1-0018-38f1-8c41-17b9b3cedd2b,b7f2e542-f3b6-3f5e-9aed-511ff6f0ee56,Moshe758 Tillman293,M,GENERAL PRACTICE,37 BROADWAY STE 2,ARLINGTON,MA,024745552,42.408086,-71.135914,14,0
6992bd32-cc3e-3986-8f9e-7486af83d557,05cd3fbb-08ce-38bf-b680-721a3e902d43,Lacy523 White193,M,GENERAL PRACTICE,9 WARREN CT,SALEM,MA,019703163,42.51586993877551,-70.90514912244899,20,0
ece3cf20-233a-3769-a435-9d9950c97bba,0e3a24c3-b772-3059-b3fd-8a4710068a82,Malka46 Gerhold939,F,GENERAL PRACTICE,416 BROADWAY,RAYNHAM,MA,027671737,41.940680799999996,-71.07864352196617,95,0
9679c59e-3a5a-3d43-b4bf-6cf23bdd806a,28d71598-85eb-3a0e-90c1-22e0be1af57c,Sammie902 Hermann103,M,GENERAL PRACTICE,38 MULBERRY ST STE 204,NORTHAMPTON,MA,010602832,42.35436315,-72.70256804599192,35,0
e81daf99-0537-3d5f-8efb-0b5f56814118,b8d40f5c-9e4d-3639-89ef-8bf375cb3184,Luis Miguel102 Heredia716,M,GENERAL PRACTICE,190 OLD DERBY STREET,HINGHAM,MA,020434065,42.1807101,-70.9170852970031,1,0
e620da67-25a1-3de8-aefc-ff0b2bdf5198,e5d50afe-8c7d-35f5-96f5-fb8941403b0f,Bernardo699 Barela183,M,GENERAL PRACTICE,125 S CLARK ST STE 900,FALL RIVER,MA,02722,41.74223,-71.129706,112,0
7e7852b3-711f-389f-871f-7a52911243bf,9adfae03-673d-365d-9052-f705098fa3e4,Sharilyn202 Wolff180,F,GENERAL PRACTICE,51 BLOSSOM ST,BOSTON,MA,021142699,42.36305545,-71.06643399281765,184,0
21f850df-f67f-3037-ba52-0de9fe9a2d44,89171335-b9c0-3326-98d6-a837d432b9fd,Lorette239 Hauck852,F,GENERAL PRACTICE,150 FLANDERS ROAD,LYNN,MA,019042915,42.466763,-70.9494939,13,0
43bc578f-80f7-3d0e-b597-8a90dc023aa7,7cd7fc5c-3fa7-3b6e-b3c9-0dbaec2a3470,Frederica279 Roberts511,F,GENERAL PRACTICE,505 FRONT STREET,CHICOPEE,MA,010133140,42.14871685,-72.59756969862315,11,0
dde75b65-bd94-3bfe-8ba9-8805927ee7e1,15d0e449-642a-3d9e-8629-16c7e4a9e4b4,Britt177 Schmitt836,M,GENERAL PRACTICE,71 CENTER ST,FAIRHAVEN,MA,027193822,41.635798300000005,-70.90010980146215,5,0
5596b021-0cc5-3bd5-b520-398f577d7608,01bde980-bf89-3138-8912-7360dff33247,Bradly656 Lang846,M,GENERAL PRACTICE,456 PARK AVE,WORCESTER,MA,016101254,42.25512735,-71.82580924803523,26,0
867437e7-e566-3825-a362-8da7586668ed,217cb6f6-e822-3831-9d9d-ffa104971042,Cira533 Jakubowski832,F,GENERAL PRACTICE,2 REHABILITATION WAY,WOBURN,MA,018016003,42.46352265,-71.161925472006,236,0
188de4bf-017d-395a-b0a2-804a5fb1349b,8a6e21d0-da20-3378-8176-4e5ad2b51983,Wes853 Torphy630,M,GENERAL PRACTICE,84 ELM STREET,HOLLISTON,MA,017462138,42.20234485,-71.42493275079366,4,0
8b787a7d-316c-3c1f-a28d-d612c86b4663,4e56c7ec-99e5-3023-8e4f-95ad18a03f06,Duane703 Bosco882,M,GENERAL PRACTICE,28 RIVERSIDE DR STE 101,PEMBROKE,MA,023594947,42.11004715,-70.77534154695786,88,0
f3daf26b-a4d1-3d0f-8204-b857f48e8d3b,e2a8b444-9b8f-36ff-84c4-05ee98589482,Francisco472 Gusikowski974,F,GENERAL PRACTICE,8 SHIPWAY PL # C-8,CHARLESTOWN,MA,021294301,42.3778749,-71.0619957,128,0
da86b7fb-a7d5-3f90-a9fc-ac1dc5a8a567,3517aff1-b163-3cd5-8fff-19710fcdc1b7,Ladawn167 Cremin516,F,GENERAL PRACTICE,400 HEMENWAY STREET,MARLBOROUGH,MA,017526762,42.36006255767826,-71.5077613040944,6,0
14587784-916f-3b80-85e1-dfe02f564da5,18d2c9c2-4b92-3664-9b8e-419aff3ce942,Aleshia311 Block661,F,GENERAL PRACTICE,175 GROVE STREET,BRAINTREE,MA,021847253,42.19127375,-70.99279579751581,11,0
e1f74c90-d318-3e36-85f7-466cdc621de4,121b0ad1-1beb-3caa-9271-3d3f726bb727,Cortez851 Price929,M,GENERAL PRACTICE,1030 MAIN STREET,WALTHAM,MA,024517447,42.375828,-71.2527956,7,0
11794bb1-6f98-3db7-9f0f-9195a136576f,883f57b8-89c6-3dc4-b6da-047705c88623,Blanche121 Bailey598,F,GENERAL PRACTICE,363 HIGHLAND AVE,FALL RIVER,MA,027203703,41.7093779,-71.1460783680883,66,0
85e496aa-1cf1-3599-b185-c9c2c56048ac,0a2252ba-33de-322f-8f0a-e5b0141f1780,Lincoln623 Block661,M,GENERAL PRACTICE,632 BLUE  HILL AVENUE,DORCHESTER,MA,021213213,42.2941088,-71.0885355,25,0
fe32031e-9d24-3100-95ac-427e06e91cb8,f6ba791e-fe68-3596-bef4-60751db6a60e,Cleo27 Crooks415,M,GENERAL PRACTICE,37 BIRCH STREET,MILFORD,MA,017575501,42.1424349,-71.48943173357203,4,0
96bde7bb-a155-37f0-82b9-8eac1e87949e,2fc3d86d-4194-3ad1-bb8a-99d5d34119a1,Trent525 Krajcik437,M,GENERAL PRACTICE,300 CONGRESS ST STE 203,QUINCY,MA,021690907,42.2345525,-71.01493330273374,27,0
00364b36-733b-36bc-8b16-6d84ae9d9820,b954c464-11ea-312b-a3f8-1350775bfa54,Rupert654 Walker122,M,GENERAL PRACTICE,123 CAPTAIN'S ROW,CHELSEA,MA,021504019,42.3917638,-71.0328284,3,0
8be3b48e-1701-31cb-b2a1-9164d0041d85,95f6c328-96dd-3fb8-a56e-9aad566094b4,Marcos263 Montez99,M,GENERAL PRACTICE,4 STONY HILL ROAD,WILBRAHAM,MA,010951027,42.1552861,-72.48384800788648,18,0
e77d9173-5700-3f54-97d7-5f7cf212b8be,485ae27b-c5ba-3fd0-9a16-c9eea20be185,Alejandro916 Kris249,M,GENERAL PRACTICE,275 MARTINE STREET  SUITE 202,FALL RIVER,MA,027231518,41.68393816525316,-71.1220830626733,10,0
683501a7-443e-3ebc-afb1-ff9ae95fb9be,47602b5b-f4aa-3c73-aa26-2268ccf7a83c,Kathie378 Fisher429,F,GENERAL PRACTICE,90 LINDALL STREET,DANVERS,MA,019232125,42.574712149999996,-70.94359556912616,4,0
74119d49-9a2f-3418-bd7b-0429751d1991,91808f17-7583-32a3-aa55-23b131b327c7,Leonie332 Wunsch504,F,GENERAL PRACTICE,200 CORDWAINER DR,NORWELL,MA,020611671,42.16352995,-70.8846291501739,37,0
e3a91a4d-2435-30ba-b5ab-f14960f54d15,53f086de-2fc7-3d35-92c2-aca4ed944e7f,Carisa395 Kutch271,F,GENERAL PRACTICE,1 GENERAL ST,LAWRENCE,MA,018412961,42.7097143,-71.15007700778098,352,0
df447038-967d-310b-913b-18fc01adb3d0,20f63278-6709-3195-b767-782d2a10bd5c,Jamie386 Krajcik437,M,GENERAL PRACTICE,640 CONCORD AVENUE,CAMBRIDGE,MA,021381116,42.389222000000004,-71.14799280677965,7,0
b2a38a00-30f2-3ac3-be91-5a794587fddc,ac0fde88-b0ad-3388-a4a8-b8fc2a4f4af2,Lloyd546 Wuckert783,M,GENERAL PRACTICE,150 YORK STREET,STOUGHTON,MA,020729105,42.144646800000004,-71.09875876961266,114,0
16be638d-599c-328d-8e1f-76ccce3356a1,de3cc142-803a-3ed4-8945-75ec88a84784,Marta91 Rivas297,F,GENERAL PRACTICE,51 HOSPITAL ROAD,BALDWINVILLE,MA,014361215,42.6108483,-72.0608364,1,0
2e0e2cec-ee00-33b2-a7a5-876f3c2ecfcf,0592d4e5-a0fb-3143-83cd-8e5a6b066a96,Mica978 Lemke654,F,GENERAL PRACTICE,20 EAST ST,HANOVER,MA,023391638,42.1278249,-70.82664947485381,369,0
e0234c22-3d63-3f2a-b92f-b3cce302f5c6,c67ca7ed-4769-3b6c-a0a9-993f1227ff10,Allen322 Veum823,M,GENERAL PRACTICE,1 BLACKBURN DR,GLOUCESTER,MA,019302237,42.6269312,-70.65555242413386,55,0
1bd38287-ebc5-3ed6-800b-bf79eef5030e,6aae7a31-90df-3455-ad8d-81f8cf2d21e8,Houston994 Funk324,M,GENERAL PRACTICE,680 CENTRE ST,BROCKTON,MA,023023308,42.0872752,-70.9910738855076,50,0
