event_id,subscription_id,event_type,from_plan,to_plan,mrr_delta,event_at
evt_000001,sub_000001,created,,premium,199,2024-10-01 14:07:39
evt_000002,sub_000002,created,,plus,99,2024-10-01 19:47:49
evt_000003,sub_000003,created,,premium,199,2024-10-01 19:42:09
evt_000004,sub_000004,created,,basic,49,2024-10-01 19:25:20
evt_000005,sub_000005,created,,plus,99,2024-10-01 09:26:01
evt_000006,sub_000006,created,,basic,49,2024-10-01 18:42:35
evt_000007,sub_000007,created,,basic,49,2024-10-02 09:49:48
evt_000008,sub_000008,created,,basic,49,2024-10-02 16:41:48
evt_000009,sub_000009,created,,plus,99,2024-10-02 19:15:28
evt_000010,sub_000010,created,,basic,49,2024-10-02 09:27:51
evt_000011,sub_000011,created,,plus,99,2024-10-02 13:14:36
evt_000012,sub_000012,created,,premium,199,2024-10-03 15:41:57
evt_000013,sub_000013,created,,basic,49,2024-10-03 14:44:11
evt_000014,sub_000014,created,,basic,49,2024-10-03 17:41:43
evt_000015,sub_000015,created,,basic,49,2024-10-03 11:35:28
evt_000016,sub_000016,created,,basic,49,2024-10-03 14:15:07
evt_000017,sub_000017,created,,basic,49,2024-10-03 17:34:57
evt_000018,sub_000018,created,,basic,49,2024-10-03 19:40:20
evt_000019,sub_000019,created,,plus,99,2024-10-04 16:42:30
evt_000020,sub_000020,created,,plus,99,2024-10-04 08:57:20
evt_000021,sub_000021,created,,plus,99,2024-10-04 17:44:31
evt_000022,sub_000022,created,,basic,49,2024-10-04 11:30:59
evt_000023,sub_000023,created,,basic,49,2024-10-04 19:01:37
evt_000024,sub_000024,created,,plus,99,2024-10-04 18:25:32
evt_000025,sub_000025,created,,plus,99,2024-10-04 18:10:21
evt_000026,sub_000026,created,,plus,99,2024-10-05 10:34:44
evt_000027,sub_000027,created,,basic,49,2024-10-05 15:08:45
evt_000028,sub_000028,created,,plus,99,2024-10-05 17:17:57
evt_000029,sub_000029,created,,plus,99,2024-10-05 13:19:02
evt_000030,sub_000030,created,,plus,99,2024-10-05 19:53:59
evt_000031,sub_000031,created,,basic,49,2024-10-06 11:59:13
evt_000032,sub_000032,created,,premium,199,2024-10-06 16:57:38
evt_000033,sub_000033,created,,plus,99,2024-10-06 10:34:43
evt_000034,sub_000034,created,,basic,49,2024-10-06 15:38:22
evt_000035,sub_000035,created,,basic,49,2024-10-06 14:50:06
evt_000036,sub_000016,cancelled,basic,,-49,2024-10-06 09:35:42
evt_000037,sub_000036,created,,basic,49,2024-10-07 19:53:39
evt_000038,sub_000037,created,,basic,49,2024-10-07 11:28:09
evt_000039,sub_000038,created,,basic,49,2024-10-07 18:39:06
evt_000040,sub_000039,created,,basic,49,2024-10-07 16:44:41
evt_000041,sub_000040,created,,plus,99,2024-10-07 09:51:56
evt_000042,sub_000041,created,,premium,199,2024-10-07 08:43:37
evt_000043,sub_000042,created,,basic,49,2024-10-07 14:21:38
evt_000044,sub_000043,created,,premium,199,2024-10-07 17:47:36
evt_000045,sub_000018,cancelled,basic,,-49,2024-10-07 19:15:24
evt_000046,sub_000034,cancelled,basic,,-49,2024-10-07 18:51:42
evt_000047,sub_000044,created,,plus,99,2024-10-08 10:56:43
evt_000048,sub_000045,created,,basic,49,2024-10-08 15:16:17
evt_000049,sub_000046,created,,plus,99,2024-10-08 17:09:35
evt_000050,sub_000047,created,,plus,99,2024-10-08 14:13:32
evt_000051,sub_000048,created,,basic,49,2024-10-08 17:50:39
evt_000052,sub_000049,created,,basic,49,2024-10-08 15:37:45
evt_000053,sub_000050,created,,basic,49,2024-10-08 10:26:52
evt_000054,sub_000051,created,,premium,199,2024-10-08 19:01:27
evt_000055,sub_000052,created,,premium,199,2024-10-09 17:32:37
evt_000056,sub_000053,created,,premium,199,2024-10-09 18:12:25
evt_000057,sub_000054,created,,basic,49,2024-10-09 17:32:08
evt_000058,sub_000055,created,,basic,49,2024-10-09 16:03:52
evt_000059,sub_000056,created,,basic,49,2024-10-09 16:40:34
evt_000060,sub_000057,created,,basic,49,2024-10-09 12:29:33
evt_000061,sub_000058,created,,plus,99,2024-10-09 18:09:09
evt_000062,sub_000059,created,,plus,99,2024-10-09 10:43:56
evt_000063,sub_000060,created,,basic,49,2024-10-09 17:04:39
evt_000064,sub_000048,cancelled,basic,,-49,2024-10-09 08:26:11
evt_000065,sub_000061,created,,basic,49,2024-10-10 09:47:20
evt_000066,sub_000062,created,,basic,49,2024-10-10 08:25:53
evt_000067,sub_000063,created,,basic,49,2024-10-10 19:45:02
evt_000068,sub_000064,created,,basic,49,2024-10-10 17:03:37
evt_000069,sub_000065,created,,premium,199,2024-10-10 14:04:12
evt_000070,sub_000066,created,,basic,49,2024-10-10 14:08:52
evt_000071,sub_000067,created,,plus,99,2024-10-10 17:31:21
evt_000072,sub_000068,created,,basic,49,2024-10-11 14:34:34
evt_000073,sub_000069,created,,basic,49,2024-10-11 15:58:28
evt_000074,sub_000070,created,,basic,49,2024-10-11 11:15:37
evt_000075,sub_000071,created,,plus,99,2024-10-11 17:49:09
evt_000076,sub_000072,created,,premium,199,2024-10-11 12:51:13
evt_000077,sub_000073,created,,plus,99,2024-10-11 17:40:03
evt_000078,sub_000074,created,,plus,99,2024-10-11 11:23:45
evt_000079,sub_000075,created,,plus,99,2024-10-11 17:58:15
evt_000080,sub_000058,cancelled,plus,,-99,2024-10-11 17:11:05
evt_000081,sub_000076,created,,basic,49,2024-10-12 18:08:12
evt_000082,sub_000077,created,,basic,49,2024-10-12 14:11:43
evt_000083,sub_000078,created,,premium,199,2024-10-12 10:48:31
evt_000084,sub_000079,created,,basic,49,2024-10-12 19:40:39
evt_000085,sub_000080,created,,plus,99,2024-10-12 15:19:54
evt_000086,sub_000081,created,,basic,49,2024-10-12 18:10:36
evt_000087,sub_000082,created,,plus,99,2024-10-12 10:35:15
evt_000088,sub_000083,created,,plus,99,2024-10-12 16:03:58
evt_000089,sub_000084,created,,basic,49,2024-10-12 18:33:01
evt_000090,sub_000085,created,,basic,49,2024-10-12 09:48:29
evt_000091,sub_000086,created,,basic,49,2024-10-12 13:49:34
evt_000092,sub_000087,created,,basic,49,2024-10-12 12:15:18
evt_000093,sub_000014,plan_changed,basic,plus,50,2024-10-12 10:26:03
evt_000094,sub_000030,cancelled,plus,,-99,2024-10-12 08:21:36
evt_000095,sub_000066,cancelled,basic,,-49,2024-10-12 11:32:33
evt_000096,sub_000088,created,,premium,199,2024-10-13 11:20:22
evt_000097,sub_000089,created,,plus,99,2024-10-13 10:12:24
evt_000098,sub_000090,created,,basic,49,2024-10-13 08:37:37
evt_000099,sub_000091,created,,plus,99,2024-10-13 13:57:19
evt_000100,sub_000092,created,,basic,49,2024-10-13 11:58:43
evt_000101,sub_000065,cancelled,premium,,-199,2024-10-13 17:06:53
evt_000102,sub_000093,created,,basic,49,2024-10-14 11:04:04
evt_000103,sub_000094,created,,basic,49,2024-10-14 09:57:03
evt_000104,sub_000095,created,,basic,49,2024-10-14 15:47:51
evt_000105,sub_000096,created,,premium,199,2024-10-14 19:26:56
evt_000106,sub_000097,created,,plus,99,2024-10-14 12:12:46
evt_000107,sub_000098,created,,basic,49,2024-10-14 13:06:00
evt_000108,sub_000099,created,,premium,199,2024-10-14 10:25:14
evt_000109,sub_000100,created,,premium,199,2024-10-14 13:22:06
evt_000110,sub_000101,created,,basic,49,2024-10-15 18:30:03
evt_000111,sub_000102,created,,plus,99,2024-10-15 10:57:39
evt_000112,sub_000103,created,,basic,49,2024-10-15 18:34:51
evt_000113,sub_000104,created,,basic,49,2024-10-15 19:34:58
evt_000114,sub_000105,created,,plus,99,2024-10-15 15:06:51
evt_000115,sub_000106,created,,premium,199,2024-10-15 08:32:13
evt_000116,sub_000107,created,,plus,99,2024-10-15 15:16:50
evt_000117,sub_000108,created,,plus,99,2024-10-15 15:49:00
evt_000118,sub_000109,created,,basic,49,2024-10-15 18:12:42
evt_000119,sub_000110,created,,basic,49,2024-10-15 19:43:03
evt_000120,sub_000111,created,,basic,49,2024-10-15 13:46:27
evt_000121,sub_000112,created,,plus,99,2024-10-16 09:53:39
evt_000122,sub_000113,created,,plus,99,2024-10-16 10:16:47
evt_000123,sub_000114,created,,basic,49,2024-10-16 11:17:15
evt_000124,sub_000115,created,,basic,49,2024-10-16 14:29:53
evt_000125,sub_000116,created,,basic,49,2024-10-16 17:29:03
evt_000126,sub_000117,created,,premium,199,2024-10-16 09:05:13
evt_000127,sub_000118,created,,plus,99,2024-10-16 19:18:52
evt_000128,sub_000119,created,,plus,99,2024-10-16 12:20:12
evt_000129,sub_000009,plan_changed,plus,premium,100,2024-10-16 13:35:12
evt_000130,sub_000097,plan_changed,plus,premium,100,2024-10-16 10:11:56
evt_000131,sub_000120,created,,premium,199,2024-10-17 17:42:24
evt_000132,sub_000121,created,,basic,49,2024-10-17 13:39:16
evt_000133,sub_000122,created,,plus,99,2024-10-17 12:13:52
evt_000134,sub_000123,created,,basic,49,2024-10-17 17:32:59
evt_000135,sub_000124,created,,plus,99,2024-10-17 10:34:34
evt_000136,sub_000125,created,,basic,49,2024-10-17 09:43:27
evt_000137,sub_000126,created,,basic,49,2024-10-17 12:13:13
evt_000138,sub_000127,created,,basic,49,2024-10-17 10:08:07
evt_000139,sub_000128,created,,basic,49,2024-10-18 19:05:57
evt_000140,sub_000129,created,,basic,49,2024-10-18 11:38:13
evt_000141,sub_000130,created,,basic,49,2024-10-18 18:59:44
evt_000142,sub_000131,created,,plus,99,2024-10-18 19:02:58
evt_000143,sub_000132,created,,plus,99,2024-10-18 10:35:02
evt_000144,sub_000133,created,,basic,49,2024-10-18 12:01:24
evt_000145,sub_000134,created,,basic,49,2024-10-18 14:54:55
evt_000146,sub_000135,created,,premium,199,2024-10-18 12:27:42
evt_000147,sub_000136,created,,plus,99,2024-10-18 18:43:16
evt_000148,sub_000137,created,,plus,99,2024-10-18 13:53:38
evt_000149,sub_000138,created,,premium,199,2024-10-18 16:35:31
evt_000150,sub_000139,created,,plus,99,2024-10-18 11:54:37
evt_000151,sub_000140,created,,basic,49,2024-10-19 18:35:31
evt_000152,sub_000141,created,,basic,49,2024-10-19 12:26:09
evt_000153,sub_000142,created,,basic,49,2024-10-19 11:07:09
evt_000154,sub_000143,created,,basic,49,2024-10-19 17:14:49
evt_000155,sub_000144,created,,plus,99,2024-10-19 11:32:34
evt_000156,sub_000145,created,,basic,49,2024-10-19 09:39:06
evt_000157,sub_000146,created,,basic,49,2024-10-19 18:20:29
evt_000158,sub_000128,cancelled,basic,,-49,2024-10-19 08:03:44
evt_000159,sub_000147,created,,basic,49,2024-10-20 13:01:41
evt_000160,sub_000148,created,,basic,49,2024-10-20 08:31:28
evt_000161,sub_000149,created,,plus,99,2024-10-20 13:11:02
evt_000162,sub_000150,created,,plus,99,2024-10-20 10:24:02
evt_000163,sub_000151,created,,plus,99,2024-10-20 19:41:02
evt_000164,sub_000152,created,,premium,199,2024-10-20 12:35:36
evt_000165,sub_000153,created,,basic,49,2024-10-20 08:34:04
evt_000166,sub_000154,created,,basic,49,2024-10-20 14:47:13
evt_000167,sub_000155,created,,basic,49,2024-10-20 18:33:16
evt_000168,sub_000156,created,,basic,49,2024-10-20 16:36:04
evt_000169,sub_000157,created,,basic,49,2024-10-20 13:19:25
evt_000170,sub_000037,plan_changed,basic,premium,150,2024-10-20 18:52:41
evt_000171,sub_000113,plan_changed,plus,basic,-50,2024-10-20 09:05:31
evt_000172,sub_000158,created,,premium,199,2024-10-21 12:28:18
evt_000173,sub_000159,created,,basic,49,2024-10-21 11:11:18
evt_000174,sub_000160,created,,basic,49,2024-10-21 08:56:05
evt_000175,sub_000161,created,,plus,99,2024-10-21 16:22:45
evt_000176,sub_000162,created,,plus,99,2024-10-21 10:45:38
evt_000177,sub_000163,created,,basic,49,2024-10-21 09:28:36
evt_000178,sub_000164,created,,basic,49,2024-10-21 16:51:24
evt_000179,sub_000165,created,,premium,199,2024-10-21 19:47:45
evt_000180,sub_000166,created,,basic,49,2024-10-21 14:09:54
evt_000181,sub_000167,created,,basic,49,2024-10-21 16:10:20
evt_000182,sub_000023,cancelled,basic,,-49,2024-10-21 10:59:19
evt_000183,sub_000060,cancelled,basic,,-49,2024-10-21 12:10:22
evt_000184,sub_000123,cancelled,basic,,-49,2024-10-21 14:28:12
evt_000185,sub_000168,created,,basic,49,2024-10-22 19:49:35
evt_000186,sub_000169,created,,basic,49,2024-10-22 08:12:35
evt_000187,sub_000170,created,,plus,99,2024-10-22 17:10:31
evt_000188,sub_000171,created,,plus,99,2024-10-22 16:30:25
evt_000189,sub_000172,created,,plus,99,2024-10-22 12:17:33
evt_000190,sub_000173,created,,basic,49,2024-10-22 15:24:15
evt_000191,sub_000174,created,,basic,49,2024-10-22 08:51:19
evt_000192,sub_000175,created,,plus,99,2024-10-22 15:16:35
evt_000193,sub_000176,created,,basic,49,2024-10-22 15:38:31
evt_000194,sub_000177,created,,plus,99,2024-10-23 10:09:36
evt_000195,sub_000178,created,,basic,49,2024-10-23 08:36:54
evt_000196,sub_000179,created,,plus,99,2024-10-23 11:03:10
evt_000197,sub_000180,created,,basic,49,2024-10-23 09:38:08
evt_000198,sub_000181,created,,basic,49,2024-10-23 11:17:20
evt_000199,sub_000113,plan_changed,basic,premium,150,2024-10-23 11:15:20
evt_000200,sub_000132,cancelled,plus,,-99,2024-10-23 11:54:25
evt_000201,sub_000182,created,,plus,99,2024-10-24 10:17:22
evt_000202,sub_000183,created,,plus,99,2024-10-24 16:56:34
evt_000203,sub_000184,created,,plus,99,2024-10-24 12:29:43
evt_000204,sub_000185,created,,plus,99,2024-10-24 18:03:26
evt_000205,sub_000186,created,,basic,49,2024-10-24 19:45:40
evt_000206,sub_000187,created,,basic,49,2024-10-24 08:02:18
evt_000207,sub_000106,cancelled,premium,,-199,2024-10-24 09:37:10
evt_000208,sub_000114,cancelled,basic,,-49,2024-10-24 09:11:59
evt_000209,sub_000135,cancelled,premium,,-199,2024-10-24 16:48:30
evt_000210,sub_000188,created,,premium,199,2024-10-25 15:07:38
evt_000211,sub_000189,created,,premium,199,2024-10-25 15:56:52
evt_000212,sub_000190,created,,basic,49,2024-10-25 14:13:13
evt_000213,sub_000191,created,,basic,49,2024-10-25 13:12:17
evt_000214,sub_000040,cancelled,plus,,-99,2024-10-25 13:04:22
evt_000215,sub_000083,cancelled,plus,,-99,2024-10-25 14:37:08
evt_000216,sub_000097,plan_changed,premium,basic,-150,2024-10-25 10:16:11
evt_000217,sub_000139,cancelled,plus,,-99,2024-10-25 13:44:20
evt_000218,sub_000192,created,,basic,49,2024-10-26 11:18:25
evt_000219,sub_000193,created,,basic,49,2024-10-26 17:52:48
evt_000220,sub_000194,created,,basic,49,2024-10-26 18:35:13
evt_000221,sub_000195,created,,plus,99,2024-10-26 19:45:56
evt_000222,sub_000196,created,,premium,199,2024-10-26 11:08:50
evt_000223,sub_000197,created,,plus,99,2024-10-26 15:05:23
evt_000224,sub_000198,created,,plus,99,2024-10-26 19:09:31
evt_000225,sub_000199,created,,basic,49,2024-10-26 09:45:15
evt_000226,sub_000200,created,,basic,49,2024-10-26 17:43:15
evt_000227,sub_000009,cancelled,premium,,-199,2024-10-26 09:21:14
evt_000228,sub_000028,cancelled,plus,,-99,2024-10-26 17:47:53
evt_000229,sub_000073,cancelled,plus,,-99,2024-10-26 18:50:12
evt_000230,sub_000105,cancelled,plus,,-99,2024-10-26 17:49:24
evt_000231,sub_000117,plan_changed,premium,plus,-100,2024-10-26 16:08:19
evt_000232,sub_000119,cancelled,plus,,-99,2024-10-26 08:50:09
evt_000233,sub_000172,cancelled,plus,,-99,2024-10-26 09:29:23
evt_000234,sub_000201,created,,premium,199,2024-10-27 15:49:53
evt_000235,sub_000202,created,,plus,99,2024-10-27 08:46:31
evt_000236,sub_000203,created,,basic,49,2024-10-27 17:16:05
evt_000237,sub_000204,created,,basic,49,2024-10-27 12:46:08
evt_000238,sub_000205,created,,plus,99,2024-10-27 09:22:13
evt_000239,sub_000206,created,,basic,49,2024-10-27 19:45:15
evt_000240,sub_000207,created,,basic,49,2024-10-27 15:16:12
evt_000241,sub_000208,created,,basic,49,2024-10-27 12:25:51
evt_000242,sub_000209,created,,plus,99,2024-10-27 09:29:52
evt_000243,sub_000076,cancelled,basic,,-49,2024-10-27 08:22:31
evt_000244,sub_000082,cancelled,plus,,-99,2024-10-27 17:29:10
evt_000245,sub_000182,plan_changed,plus,premium,100,2024-10-27 15:49:00
evt_000246,sub_000210,created,,plus,99,2024-10-28 18:00:48
evt_000247,sub_000211,created,,basic,49,2024-10-28 10:34:23
evt_000248,sub_000212,created,,basic,49,2024-10-28 12:09:19
evt_000249,sub_000213,created,,basic,49,2024-10-28 12:43:30
evt_000250,sub_000214,created,,plus,99,2024-10-28 15:17:52
evt_000251,sub_000215,created,,basic,49,2024-10-28 11:29:33
evt_000252,sub_000015,cancelled,basic,,-49,2024-10-28 18:38:26
evt_000253,sub_000046,cancelled,plus,,-99,2024-10-28 12:02:48
evt_000254,sub_000088,plan_changed,premium,basic,-150,2024-10-28 09:52:48
evt_000255,sub_000099,cancelled,premium,,-199,2024-10-28 11:03:15
evt_000256,sub_000120,cancelled,premium,,-199,2024-10-28 17:46:59
evt_000257,sub_000169,cancelled,basic,,-49,2024-10-28 09:42:46
evt_000258,sub_000216,created,,plus,99,2024-10-29 11:50:46
evt_000259,sub_000217,created,,basic,49,2024-10-29 17:19:07
evt_000260,sub_000218,created,,premium,199,2024-10-29 13:52:25
evt_000261,sub_000219,created,,premium,199,2024-10-29 08:16:11
evt_000262,sub_000220,created,,plus,99,2024-10-29 11:42:54
evt_000263,sub_000221,created,,plus,99,2024-10-29 13:56:59
evt_000264,sub_000222,created,,plus,99,2024-10-29 17:19:55
evt_000265,sub_000223,created,,premium,199,2024-10-29 09:11:38
evt_000266,sub_000224,created,,plus,99,2024-10-29 11:11:23
evt_000267,sub_000225,created,,plus,99,2024-10-29 16:49:15
evt_000268,sub_000226,created,,premium,199,2024-10-29 12:03:23
evt_000269,sub_000029,plan_changed,plus,premium,100,2024-10-29 15:35:25
evt_000270,sub_000051,plan_changed,premium,basic,-150,2024-10-29 10:12:37
evt_000271,sub_000062,cancelled,basic,,-49,2024-10-29 09:12:38
evt_000272,sub_000129,plan_changed,basic,premium,150,2024-10-29 17:01:59
evt_000273,sub_000150,cancelled,plus,,-99,2024-10-29 12:55:55
evt_000274,sub_000181,cancelled,basic,,-49,2024-10-29 13:11:21
evt_000275,sub_000182,plan_changed,premium,basic,-150,2024-10-29 12:28:30
evt_000276,sub_000227,created,,basic,49,2024-10-30 16:53:58
evt_000277,sub_000228,created,,premium,199,2024-10-30 10:25:40
evt_000278,sub_000229,created,,plus,99,2024-10-30 19:00:26
evt_000279,sub_000230,created,,basic,49,2024-10-30 15:09:38
evt_000280,sub_000231,created,,plus,99,2024-10-30 08:36:53
evt_000281,sub_000232,created,,plus,99,2024-10-30 08:41:03
evt_000282,sub_000233,created,,plus,99,2024-10-30 14:29:45
evt_000283,sub_000234,created,,premium,199,2024-10-30 09:53:57
evt_000284,sub_000235,created,,plus,99,2024-10-30 16:57:03
evt_000285,sub_000236,created,,basic,49,2024-10-30 18:28:00
evt_000286,sub_000237,created,,premium,199,2024-10-30 15:35:40
evt_000287,sub_000238,created,,premium,199,2024-10-30 11:08:01
evt_000288,sub_000239,created,,premium,199,2024-10-30 13:30:27
evt_000289,sub_000240,created,,plus,99,2024-10-30 13:47:38
evt_000290,sub_000241,created,,basic,49,2024-10-30 11:09:21
evt_000291,sub_000242,created,,basic,49,2024-10-30 10:46:57
evt_000292,sub_000032,cancelled,premium,,-199,2024-10-30 17:30:08
evt_000293,sub_000133,cancelled,basic,,-49,2024-10-30 15:18:51
evt_000294,sub_000155,plan_changed,basic,premium,150,2024-10-30 16:51:45
evt_000295,sub_000243,created,,basic,49,2024-10-31 18:31:03
evt_000296,sub_000244,created,,plus,99,2024-10-31 19:56:17
evt_000297,sub_000245,created,,basic,49,2024-10-31 11:47:11
evt_000298,sub_000246,created,,premium,199,2024-10-31 15:37:56
evt_000299,sub_000247,created,,plus,99,2024-10-31 19:58:22
evt_000300,sub_000248,created,,plus,99,2024-10-31 18:36:45
evt_000301,sub_000249,created,,premium,199,2024-10-31 13:26:40
evt_000302,sub_000250,created,,basic,49,2024-10-31 18:05:14
evt_000303,sub_000251,created,,premium,199,2024-10-31 09:23:09
evt_000304,sub_000176,cancelled,basic,,-49,2024-10-31 08:34:51
evt_000305,sub_000188,plan_changed,premium,basic,-150,2024-10-31 13:03:09
evt_000306,sub_000220,cancelled,plus,,-99,2024-10-31 10:45:10
evt_000307,sub_000228,cancelled,premium,,-199,2024-10-31 19:45:44
evt_000308,sub_000252,created,,premium,199,2024-11-01 08:40:38
evt_000309,sub_000253,created,,plus,99,2024-11-01 16:33:23
evt_000310,sub_000254,created,,plus,99,2024-11-01 15:40:55
evt_000311,sub_000255,created,,plus,99,2024-11-01 11:15:15
evt_000312,sub_000256,created,,premium,199,2024-11-01 17:44:32
evt_000313,sub_000257,created,,plus,99,2024-11-01 19:52:40
evt_000314,sub_000258,created,,basic,49,2024-11-01 15:18:21
evt_000315,sub_000259,created,,basic,49,2024-11-01 12:35:24
evt_000316,sub_000020,cancelled,plus,,-99,2024-11-01 08:37:33
evt_000317,sub_000089,cancelled,plus,,-99,2024-11-01 19:09:25
evt_000318,sub_000121,plan_changed,basic,premium,150,2024-11-01 11:32:40
evt_000319,sub_000161,cancelled,plus,,-99,2024-11-01 18:59:08
evt_000320,sub_000189,plan_changed,premium,basic,-150,2024-11-01 17:04:28
evt_000321,sub_000260,created,,basic,49,2024-11-02 08:46:41
evt_000322,sub_000261,created,,basic,49,2024-11-02 16:21:06
evt_000323,sub_000262,created,,basic,49,2024-11-02 10:07:03
evt_000324,sub_000263,created,,plus,99,2024-11-02 08:50:49
evt_000325,sub_000264,created,,premium,199,2024-11-02 15:03:15
evt_000326,sub_000265,created,,basic,49,2024-11-02 10:51:21
evt_000327,sub_000266,created,,plus,99,2024-11-02 09:51:25
evt_000328,sub_000267,created,,basic,49,2024-11-02 11:46:17
evt_000329,sub_000268,created,,plus,99,2024-11-02 08:49:35
evt_000330,sub_000269,created,,premium,199,2024-11-02 14:13:34
evt_000331,sub_000270,created,,basic,49,2024-11-02 17:52:00
evt_000332,sub_000271,created,,premium,199,2024-11-02 16:33:52
evt_000333,sub_000035,cancelled,basic,,-49,2024-11-02 18:56:22
evt_000334,sub_000159,cancelled,basic,,-49,2024-11-02 14:09:57
evt_000335,sub_000272,created,,basic,49,2024-11-03 10:13:21
evt_000336,sub_000273,created,,basic,49,2024-11-03 13:28:09
evt_000337,sub_000274,created,,basic,49,2024-11-03 19:24:51
evt_000338,sub_000275,created,,premium,199,2024-11-03 18:30:41
evt_000339,sub_000276,created,,basic,49,2024-11-03 18:43:28
evt_000340,sub_000277,created,,basic,49,2024-11-03 19:58:10
evt_000341,sub_000278,created,,plus,99,2024-11-03 18:55:34
evt_000342,sub_000279,created,,premium,199,2024-11-03 11:59:23
evt_000343,sub_000280,created,,basic,49,2024-11-03 19:27:10
evt_000344,sub_000281,created,,basic,49,2024-11-03 08:21:25
evt_000345,sub_000282,created,,plus,99,2024-11-03 08:24:26
evt_000346,sub_000155,cancelled,premium,,-199,2024-11-03 12:57:12
evt_000347,sub_000229,plan_changed,plus,premium,100,2024-11-03 08:01:46
evt_000348,sub_000283,created,,plus,99,2024-11-04 14:13:49
evt_000349,sub_000284,created,,premium,199,2024-11-04 15:54:18
evt_000350,sub_000285,created,,basic,49,2024-11-04 13:35:44
evt_000351,sub_000286,created,,plus,99,2024-11-04 19:36:10
evt_000352,sub_000287,created,,plus,99,2024-11-04 10:36:28
evt_000353,sub_000288,created,,basic,49,2024-11-04 10:36:51
evt_000354,sub_000289,created,,basic,49,2024-11-04 12:31:00
evt_000355,sub_000290,created,,basic,49,2024-11-04 13:20:09
evt_000356,sub_000291,created,,basic,49,2024-11-04 13:50:20
evt_000357,sub_000292,created,,premium,199,2024-11-04 17:45:56
evt_000358,sub_000293,created,,premium,199,2024-11-04 17:11:47
evt_000359,sub_000097,plan_changed,basic,plus,50,2024-11-04 09:53:02
evt_000360,sub_000145,cancelled,basic,,-49,2024-11-04 10:19:08
evt_000361,sub_000180,plan_changed,basic,premium,150,2024-11-04 10:54:50
evt_000362,sub_000197,cancelled,plus,,-99,2024-11-04 09:33:08
evt_000363,sub_000216,cancelled,plus,,-99,2024-11-04 14:13:20
evt_000364,sub_000224,cancelled,plus,,-99,2024-11-04 13:00:15
evt_000365,sub_000250,cancelled,basic,,-49,2024-11-04 15:00:51
evt_000366,sub_000294,created,,premium,199,2024-11-05 12:56:47
evt_000367,sub_000295,created,,plus,99,2024-11-05 13:33:44
evt_000368,sub_000296,created,,plus,99,2024-11-05 13:16:55
evt_000369,sub_000297,created,,plus,99,2024-11-05 15:34:03
evt_000370,sub_000298,created,,basic,49,2024-11-05 18:54:54
evt_000371,sub_000299,created,,basic,49,2024-11-05 09:53:40
evt_000372,sub_000300,created,,plus,99,2024-11-05 17:01:35
evt_000373,sub_000301,created,,basic,49,2024-11-05 12:42:01
evt_000374,sub_000302,created,,basic,49,2024-11-05 08:47:12
evt_000375,sub_000208,plan_changed,basic,premium,150,2024-11-05 08:03:56
evt_000376,sub_000251,cancelled,premium,,-199,2024-11-05 10:09:26
evt_000377,sub_000273,plan_changed,basic,plus,50,2024-11-05 08:52:30
evt_000378,sub_000279,plan_changed,premium,plus,-100,2024-11-05 11:08:01
evt_000379,sub_000303,created,,plus,99,2024-11-06 13:23:48
evt_000380,sub_000304,created,,plus,99,2024-11-06 10:50:44
evt_000381,sub_000305,created,,basic,49,2024-11-06 08:31:44
evt_000382,sub_000306,created,,plus,99,2024-11-06 14:18:58
evt_000383,sub_000307,created,,basic,49,2024-11-06 16:24:56
evt_000384,sub_000308,created,,premium,199,2024-11-06 13:04:14
evt_000385,sub_000309,created,,basic,49,2024-11-06 14:50:36
evt_000386,sub_000310,created,,premium,199,2024-11-06 14:12:03
evt_000387,sub_000311,created,,plus,99,2024-11-06 09:21:09
evt_000388,sub_000017,cancelled,basic,,-49,2024-11-06 18:04:46
evt_000389,sub_000072,plan_changed,premium,basic,-150,2024-11-06 19:55:38
evt_000390,sub_000111,plan_changed,basic,premium,150,2024-11-06 18:48:35
evt_000391,sub_000249,plan_changed,premium,basic,-150,2024-11-06 15:38:43
evt_000392,sub_000279,plan_changed,plus,basic,-50,2024-11-06 18:07:30
evt_000393,sub_000312,created,,plus,99,2024-11-07 11:23:02
evt_000394,sub_000313,created,,plus,99,2024-11-07 17:10:56
evt_000395,sub_000314,created,,basic,49,2024-11-07 16:02:00
evt_000396,sub_000315,created,,basic,49,2024-11-07 17:09:05
evt_000397,sub_000316,created,,plus,99,2024-11-07 16:46:23
evt_000398,sub_000002,plan_changed,plus,basic,-50,2024-11-07 08:34:02
evt_000399,sub_000201,cancelled,premium,,-199,2024-11-07 14:33:11
evt_000400,sub_000211,cancelled,basic,,-49,2024-11-07 09:33:03
evt_000401,sub_000317,created,,plus,99,2024-11-08 16:25:06
evt_000402,sub_000318,created,,plus,99,2024-11-08 11:00:22
evt_000403,sub_000319,created,,premium,199,2024-11-08 19:05:28
evt_000404,sub_000037,plan_changed,premium,plus,-100,2024-11-08 13:21:18
evt_000405,sub_000320,created,,basic,49,2024-11-09 16:56:08
evt_000406,sub_000321,created,,basic,49,2024-11-09 18:21:25
evt_000407,sub_000322,created,,basic,49,2024-11-09 17:02:27
evt_000408,sub_000323,created,,basic,49,2024-11-09 10:24:50
evt_000409,sub_000324,created,,plus,99,2024-11-09 15:59:55
evt_000410,sub_000049,plan_changed,basic,premium,150,2024-11-09 10:39:22
evt_000411,sub_000086,cancelled,basic,,-49,2024-11-09 11:14:16
evt_000412,sub_000157,cancelled,basic,,-49,2024-11-09 09:31:50
evt_000413,sub_000166,cancelled,basic,,-49,2024-11-09 10:11:50
evt_000414,sub_000206,plan_changed,basic,premium,150,2024-11-09 10:32:18
evt_000415,sub_000271,cancelled,premium,,-199,2024-11-09 16:32:34
evt_000416,sub_000273,cancelled,plus,,-99,2024-11-09 16:43:43
evt_000417,sub_000325,created,,plus,99,2024-11-10 18:14:22
evt_000418,sub_000326,created,,basic,49,2024-11-10 15:10:37
evt_000419,sub_000327,created,,basic,49,2024-11-10 13:14:27
evt_000420,sub_000328,created,,premium,199,2024-11-10 17:34:24
evt_000421,sub_000329,created,,plus,99,2024-11-10 14:34:41
evt_000422,sub_000330,created,,premium,199,2024-11-10 14:47:32
evt_000423,sub_000331,created,,plus,99,2024-11-10 18:01:37
evt_000424,sub_000093,cancelled,basic,,-49,2024-11-10 18:03:33
evt_000425,sub_000313,plan_changed,plus,premium,100,2024-11-10 08:58:36
evt_000426,sub_000332,created,,plus,99,2024-11-11 17:48:10
evt_000427,sub_000333,created,,basic,49,2024-11-11 14:28:49
evt_000428,sub_000334,created,,plus,99,2024-11-11 14:53:20
evt_000429,sub_000335,created,,basic,49,2024-11-11 18:32:45
evt_000430,sub_000336,created,,plus,99,2024-11-11 12:27:28
evt_000431,sub_000337,created,,basic,49,2024-11-11 08:13:46
evt_000432,sub_000338,created,,basic,49,2024-11-11 15:56:56
evt_000433,sub_000071,plan_changed,plus,basic,-50,2024-11-11 09:57:53
evt_000434,sub_000131,cancelled,plus,,-99,2024-11-11 14:22:18
evt_000435,sub_000154,plan_changed,basic,plus,50,2024-11-11 12:38:27
evt_000436,sub_000270,cancelled,basic,,-49,2024-11-11 09:24:40
evt_000437,sub_000280,cancelled,basic,,-49,2024-11-11 12:37:47
evt_000438,sub_000300,plan_changed,plus,basic,-50,2024-11-11 16:39:34
evt_000439,sub_000318,plan_changed,plus,basic,-50,2024-11-11 13:40:39
evt_000440,sub_000339,created,,plus,99,2024-11-12 14:15:25
evt_000441,sub_000340,created,,plus,99,2024-11-12 09:35:54
evt_000442,sub_000341,created,,basic,49,2024-11-12 12:21:02
evt_000443,sub_000342,created,,basic,49,2024-11-12 10:42:18
evt_000444,sub_000343,created,,plus,99,2024-11-12 17:14:17
evt_000445,sub_000344,created,,basic,49,2024-11-12 08:04:43
evt_000446,sub_000345,created,,basic,49,2024-11-12 16:29:45
evt_000447,sub_000346,created,,plus,99,2024-11-12 08:02:02
evt_000448,sub_000347,created,,premium,199,2024-11-12 14:56:05
evt_000449,sub_000348,created,,basic,49,2024-11-12 12:28:59
evt_000450,sub_000349,created,,plus,99,2024-11-12 11:39:24
evt_000451,sub_000108,cancelled,plus,,-99,2024-11-12 19:39:42
evt_000452,sub_000286,cancelled,plus,,-99,2024-11-12 19:04:39
evt_000453,sub_000350,created,,plus,99,2024-11-13 19:03:17
evt_000454,sub_000351,created,,basic,49,2024-11-13 09:05:21
evt_000455,sub_000352,created,,plus,99,2024-11-13 09:56:40
evt_000456,sub_000353,created,,premium,199,2024-11-13 15:58:12
evt_000457,sub_000354,created,,premium,199,2024-11-13 08:48:56
evt_000458,sub_000355,created,,plus,99,2024-11-13 09:00:32
evt_000459,sub_000356,created,,basic,49,2024-11-13 09:20:02
evt_000460,sub_000357,created,,basic,49,2024-11-13 16:01:06
evt_000461,sub_000358,created,,plus,99,2024-11-13 11:08:35
evt_000462,sub_000359,created,,premium,199,2024-11-13 15:35:20
evt_000463,sub_000277,cancelled,basic,,-49,2024-11-13 12:49:38
evt_000464,sub_000360,created,,basic,49,2024-11-14 14:22:10
evt_000465,sub_000361,created,,plus,99,2024-11-14 18:41:20
evt_000466,sub_000362,created,,plus,99,2024-11-14 19:49:24
evt_000467,sub_000363,created,,plus,99,2024-11-14 16:49:13
evt_000468,sub_000364,created,,basic,49,2024-11-14 12:45:12
evt_000469,sub_000365,created,,basic,49,2024-11-14 12:45:20
evt_000470,sub_000012,cancelled,premium,,-199,2024-11-14 16:50:40
evt_000471,sub_000021,cancelled,plus,,-99,2024-11-14 11:06:04
evt_000472,sub_000044,cancelled,plus,,-99,2024-11-14 15:19:03
evt_000473,sub_000192,plan_changed,basic,plus,50,2024-11-14 10:49:21
evt_000474,sub_000239,plan_changed,premium,plus,-100,2024-11-14 17:05:54
evt_000475,sub_000246,cancelled,premium,,-199,2024-11-14 11:30:44
evt_000476,sub_000285,cancelled,basic,,-49,2024-11-14 14:03:24
evt_000477,sub_000366,created,,basic,49,2024-11-15 10:28:51
evt_000478,sub_000367,created,,plus,99,2024-11-15 14:56:30
evt_000479,sub_000368,created,,basic,49,2024-11-15 10:04:36
evt_000480,sub_000369,created,,basic,49,2024-11-15 16:11:50
evt_000481,sub_000002,cancelled,basic,,-49,2024-11-15 11:10:22
evt_000482,sub_000027,cancelled,basic,,-49,2024-11-15 08:53:32
evt_000483,sub_000029,plan_changed,premium,basic,-150,2024-11-15 13:20:54
evt_000484,sub_000200,cancelled,basic,,-49,2024-11-15 14:04:46
evt_000485,sub_000303,cancelled,plus,,-99,2024-11-15 11:15:51
evt_000486,sub_000364,cancelled,basic,,-49,2024-11-15 09:53:13
evt_000487,sub_000370,created,,plus,99,2024-11-16 15:32:17
evt_000488,sub_000371,created,,basic,49,2024-11-16 19:55:16
evt_000489,sub_000372,created,,basic,49,2024-11-16 13:35:49
evt_000490,sub_000373,created,,basic,49,2024-11-16 12:36:13
evt_000491,sub_000374,created,,basic,49,2024-11-16 19:22:37
evt_000492,sub_000375,created,,plus,99,2024-11-16 15:59:26
evt_000493,sub_000376,created,,basic,49,2024-11-16 15:49:57
evt_000494,sub_000377,created,,plus,99,2024-11-16 19:29:36
evt_000495,sub_000378,created,,basic,49,2024-11-16 17:56:40
evt_000496,sub_000379,created,,basic,49,2024-11-16 16:50:19
evt_000497,sub_000380,created,,plus,99,2024-11-16 19:56:40
evt_000498,sub_000381,created,,plus,99,2024-11-16 08:09:09
evt_000499,sub_000043,cancelled,premium,,-199,2024-11-16 11:51:10
evt_000500,sub_000152,cancelled,premium,,-199,2024-11-16 18:52:24
evt_000501,sub_000189,cancelled,basic,,-49,2024-11-16 10:40:22
evt_000502,sub_000206,plan_changed,premium,plus,-100,2024-11-16 17:15:14
evt_000503,sub_000382,created,,premium,199,2024-11-17 13:18:23
evt_000504,sub_000383,created,,basic,49,2024-11-17 13:11:09
evt_000505,sub_000384,created,,basic,49,2024-11-17 13:31:46
evt_000506,sub_000385,created,,plus,99,2024-11-17 10:26:14
evt_000507,sub_000386,created,,plus,99,2024-11-17 11:18:36
evt_000508,sub_000387,created,,plus,99,2024-11-17 14:35:56
evt_000509,sub_000107,plan_changed,plus,premium,100,2024-11-17 11:22:39
evt_000510,sub_000229,cancelled,premium,,-199,2024-11-17 13:02:49
evt_000511,sub_000302,cancelled,basic,,-49,2024-11-17 08:17:16
evt_000512,sub_000321,plan_changed,basic,premium,150,2024-11-17 08:03:49
evt_000513,sub_000335,plan_changed,basic,plus,50,2024-11-17 18:11:35
evt_000514,sub_000354,cancelled,premium,,-199,2024-11-17 13:22:52
evt_000515,sub_000388,created,,plus,99,2024-11-18 15:24:41
evt_000516,sub_000389,created,,plus,99,2024-11-18 17:44:17
evt_000517,sub_000390,created,,basic,49,2024-11-18 17:18:02
evt_000518,sub_000391,created,,basic,49,2024-11-18 09:24:36
evt_000519,sub_000392,created,,plus,99,2024-11-18 16:13:48
evt_000520,sub_000393,created,,basic,49,2024-11-18 19:05:36
evt_000521,sub_000394,created,,basic,49,2024-11-18 08:04:44
evt_000522,sub_000395,created,,basic,49,2024-11-18 10:56:46
evt_000523,sub_000396,created,,plus,99,2024-11-18 19:23:16
evt_000524,sub_000397,created,,basic,49,2024-11-18 08:22:46
evt_000525,sub_000223,plan_changed,premium,basic,-150,2024-11-18 12:57:30
evt_000526,sub_000281,cancelled,basic,,-49,2024-11-18 17:18:20
evt_000527,sub_000398,created,,basic,49,2024-11-19 15:28:16
evt_000528,sub_000399,created,,plus,99,2024-11-19 19:39:08
evt_000529,sub_000400,created,,plus,99,2024-11-19 19:41:43
evt_000530,sub_000401,created,,plus,99,2024-11-19 17:30:29
evt_000531,sub_000402,created,,plus,99,2024-11-19 18:07:49
evt_000532,sub_000403,created,,basic,49,2024-11-19 12:50:29
evt_000533,sub_000404,created,,plus,99,2024-11-19 09:12:40
evt_000534,sub_000405,created,,basic,49,2024-11-19 14:22:27
evt_000535,sub_000406,created,,plus,99,2024-11-19 12:17:00
evt_000536,sub_000407,created,,basic,49,2024-11-19 12:35:41
evt_000537,sub_000001,plan_changed,premium,basic,-150,2024-11-19 17:34:42
evt_000538,sub_000026,plan_changed,plus,basic,-50,2024-11-19 11:04:09
evt_000539,sub_000037,cancelled,plus,,-99,2024-11-19 18:33:05
evt_000540,sub_000045,cancelled,basic,,-49,2024-11-19 11:33:07
evt_000541,sub_000054,plan_changed,basic,plus,50,2024-11-19 09:17:01
evt_000542,sub_000184,cancelled,plus,,-99,2024-11-19 14:16:46
evt_000543,sub_000252,cancelled,premium,,-199,2024-11-19 10:09:10
evt_000544,sub_000351,cancelled,basic,,-49,2024-11-19 19:29:34
evt_000545,sub_000357,cancelled,basic,,-49,2024-11-19 19:49:29
evt_000546,sub_000408,created,,plus,99,2024-11-20 13:54:53
evt_000547,sub_000409,created,,basic,49,2024-11-20 16:26:18
evt_000548,sub_000410,created,,basic,49,2024-11-20 13:16:45
evt_000549,sub_000411,created,,basic,49,2024-11-20 08:59:41
evt_000550,sub_000412,created,,basic,49,2024-11-20 16:20:43
evt_000551,sub_000413,created,,basic,49,2024-11-20 12:08:58
evt_000552,sub_000414,created,,basic,49,2024-11-20 14:05:51
evt_000553,sub_000415,created,,premium,199,2024-11-20 13:55:39
evt_000554,sub_000416,created,,premium,199,2024-11-20 19:55:18
evt_000555,sub_000417,created,,premium,199,2024-11-20 13:34:07
evt_000556,sub_000418,created,,plus,99,2024-11-20 16:17:32
evt_000557,sub_000003,plan_changed,premium,basic,-150,2024-11-20 08:03:19
evt_000558,sub_000063,cancelled,basic,,-49,2024-11-20 14:11:46
evt_000559,sub_000098,plan_changed,basic,plus,50,2024-11-20 10:26:17
evt_000560,sub_000137,cancelled,plus,,-99,2024-11-20 09:54:18
evt_000561,sub_000149,cancelled,plus,,-99,2024-11-20 19:11:13
evt_000562,sub_000217,plan_changed,basic,plus,50,2024-11-20 13:11:51
evt_000563,sub_000341,cancelled,basic,,-49,2024-11-20 12:05:07
evt_000564,sub_000360,plan_changed,basic,plus,50,2024-11-20 13:33:05
evt_000565,sub_000419,created,,plus,99,2024-11-21 17:03:31
evt_000566,sub_000420,created,,premium,199,2024-11-21 13:56:41
evt_000567,sub_000421,created,,basic,49,2024-11-21 12:53:44
evt_000568,sub_000422,created,,basic,49,2024-11-21 15:51:06
evt_000569,sub_000423,created,,plus,99,2024-11-21 09:23:26
evt_000570,sub_000424,created,,basic,49,2024-11-21 08:25:02
evt_000571,sub_000425,created,,basic,49,2024-11-21 15:09:20
evt_000572,sub_000386,cancelled,plus,,-99,2024-11-21 17:46:52
evt_000573,sub_000426,created,,premium,199,2024-11-22 15:53:37
evt_000574,sub_000427,created,,plus,99,2024-11-22 12:18:47
evt_000575,sub_000428,created,,premium,199,2024-11-22 08:15:35
evt_000576,sub_000429,created,,basic,49,2024-11-22 14:07:19
evt_000577,sub_000430,created,,basic,49,2024-11-22 17:13:52
evt_000578,sub_000431,created,,plus,99,2024-11-22 14:38:25
evt_000579,sub_000432,created,,basic,49,2024-11-22 10:06:33
evt_000580,sub_000433,created,,basic,49,2024-11-22 15:31:06
evt_000581,sub_000434,created,,premium,199,2024-11-22 17:00:15
evt_000582,sub_000435,created,,plus,99,2024-11-22 14:28:44
evt_000583,sub_000436,created,,basic,49,2024-11-22 19:15:03
evt_000584,sub_000437,created,,plus,99,2024-11-22 15:32:36
evt_000585,sub_000104,plan_changed,basic,plus,50,2024-11-22 11:26:11
evt_000586,sub_000202,cancelled,plus,,-99,2024-11-22 11:00:58
evt_000587,sub_000330,plan_changed,premium,plus,-100,2024-11-22 12:06:06
evt_000588,sub_000414,cancelled,basic,,-49,2024-11-22 08:58:28
evt_000589,sub_000418,cancelled,plus,,-99,2024-11-22 19:56:59
evt_000590,sub_000438,created,,basic,49,2024-11-23 17:47:01
evt_000591,sub_000439,created,,basic,49,2024-11-23 11:10:05
evt_000592,sub_000440,created,,basic,49,2024-11-23 19:55:26
evt_000593,sub_000067,cancelled,plus,,-99,2024-11-23 15:21:20
evt_000594,sub_000163,cancelled,basic,,-49,2024-11-23 09:08:06
evt_000595,sub_000165,cancelled,premium,,-199,2024-11-23 10:43:28
evt_000596,sub_000182,cancelled,basic,,-49,2024-11-23 14:57:16
evt_000597,sub_000219,cancelled,premium,,-199,2024-11-23 11:06:22
evt_000598,sub_000236,plan_changed,basic,premium,150,2024-11-23 09:55:38
evt_000599,sub_000441,created,,plus,99,2024-11-24 13:23:03
evt_000600,sub_000442,created,,plus,99,2024-11-24 19:18:02
evt_000601,sub_000443,created,,basic,49,2024-11-24 18:10:13
evt_000602,sub_000444,created,,premium,199,2024-11-24 19:02:23
evt_000603,sub_000445,created,,basic,49,2024-11-24 18:14:47
evt_000604,sub_000446,created,,plus,99,2024-11-24 18:20:11
evt_000605,sub_000447,created,,plus,99,2024-11-24 19:39:52
evt_000606,sub_000094,cancelled,basic,,-49,2024-11-24 16:54:37
evt_000607,sub_000142,cancelled,basic,,-49,2024-11-24 10:36:32
evt_000608,sub_000174,cancelled,basic,,-49,2024-11-24 18:06:40
evt_000609,sub_000359,plan_changed,premium,basic,-150,2024-11-24 15:51:11
evt_000610,sub_000378,cancelled,basic,,-49,2024-11-24 19:40:57
evt_000611,sub_000411,plan_changed,basic,plus,50,2024-11-24 09:46:22
evt_000612,sub_000448,created,,basic,49,2024-11-25 08:31:09
evt_000613,sub_000449,created,,plus,99,2024-11-25 09:37:13
evt_000614,sub_000450,created,,basic,49,2024-11-25 12:43:43
evt_000615,sub_000451,created,,plus,99,2024-11-25 19:20:07
evt_000616,sub_000452,created,,basic,49,2024-11-25 08:03:33
evt_000617,sub_000453,created,,plus,99,2024-11-25 11:54:16
evt_000618,sub_000454,created,,plus,99,2024-11-25 18:51:19
evt_000619,sub_000455,created,,basic,49,2024-11-25 18:01:14
evt_000620,sub_000033,plan_changed,plus,premium,100,2024-11-25 18:12:24
evt_000621,sub_000129,cancelled,premium,,-199,2024-11-25 09:05:04
evt_000622,sub_000156,plan_changed,basic,plus,50,2024-11-25 13:15:55
evt_000623,sub_000187,cancelled,basic,,-49,2024-11-25 08:08:44
evt_000624,sub_000205,cancelled,plus,,-99,2024-11-25 15:05:11
evt_000625,sub_000312,cancelled,plus,,-99,2024-11-25 09:37:12
evt_000626,sub_000403,plan_changed,basic,premium,150,2024-11-25 08:05:08
evt_000627,sub_000437,plan_changed,plus,premium,100,2024-11-25 13:49:40
evt_000628,sub_000456,created,,premium,199,2024-11-26 19:23:34
evt_000629,sub_000457,created,,basic,49,2024-11-26 14:57:30
evt_000630,sub_000458,created,,basic,49,2024-11-26 12:55:58
evt_000631,sub_000459,created,,plus,99,2024-11-26 18:11:06
evt_000632,sub_000460,created,,plus,99,2024-11-26 12:58:59
evt_000633,sub_000461,created,,plus,99,2024-11-26 14:57:15
evt_000634,sub_000462,created,,basic,49,2024-11-26 10:03:44
evt_000635,sub_000463,created,,plus,99,2024-11-26 15:49:51
evt_000636,sub_000464,created,,plus,99,2024-11-26 10:53:47
evt_000637,sub_000465,created,,basic,49,2024-11-26 19:02:22
evt_000638,sub_000466,created,,plus,99,2024-11-26 08:10:50
evt_000639,sub_000118,plan_changed,plus,premium,100,2024-11-26 14:18:08
evt_000640,sub_000153,cancelled,basic,,-49,2024-11-26 19:28:53
evt_000641,sub_000215,plan_changed,basic,plus,50,2024-11-26 11:37:37
evt_000642,sub_000236,cancelled,premium,,-199,2024-11-26 08:14:45
evt_000643,sub_000327,plan_changed,basic,premium,150,2024-11-26 14:32:34
evt_000644,sub_000361,plan_changed,plus,basic,-50,2024-11-26 14:21:57
evt_000645,sub_000395,cancelled,basic,,-49,2024-11-26 09:07:54
evt_000646,sub_000467,created,,plus,99,2024-11-27 10:21:14
evt_000647,sub_000468,created,,basic,49,2024-11-27 11:11:47
evt_000648,sub_000469,created,,plus,99,2024-11-27 16:55:05
evt_000649,sub_000470,created,,premium,199,2024-11-27 16:30:56
evt_000650,sub_000471,created,,basic,49,2024-11-27 14:31:11
evt_000651,sub_000472,created,,plus,99,2024-11-27 15:45:23
evt_000652,sub_000473,created,,premium,199,2024-11-27 11:16:06
evt_000653,sub_000474,created,,basic,49,2024-11-27 14:14:28
evt_000654,sub_000475,created,,basic,49,2024-11-27 09:54:12
evt_000655,sub_000476,created,,plus,99,2024-11-27 17:33:42
evt_000656,sub_000102,cancelled,plus,,-99,2024-11-27 16:23:39
evt_000657,sub_000267,cancelled,basic,,-49,2024-11-27 14:11:57
evt_000658,sub_000348,plan_changed,basic,premium,150,2024-11-27 12:18:01
evt_000659,sub_000439,plan_changed,basic,plus,50,2024-11-27 17:31:05
evt_000660,sub_000477,created,,basic,49,2024-11-28 08:56:00
evt_000661,sub_000478,created,,basic,49,2024-11-28 12:02:49
evt_000662,sub_000479,created,,basic,49,2024-11-28 12:02:54
evt_000663,sub_000480,created,,basic,49,2024-11-28 12:28:05
evt_000664,sub_000481,created,,basic,49,2024-11-28 08:47:06
evt_000665,sub_000482,created,,basic,49,2024-11-28 13:12:47
evt_000666,sub_000483,created,,basic,49,2024-11-28 18:23:53
evt_000667,sub_000122,cancelled,plus,,-99,2024-11-28 17:53:53
evt_000668,sub_000258,cancelled,basic,,-49,2024-11-28 12:56:53
evt_000669,sub_000301,plan_changed,basic,premium,150,2024-11-28 16:04:45
evt_000670,sub_000309,plan_changed,basic,plus,50,2024-11-28 18:31:42
evt_000671,sub_000444,cancelled,premium,,-199,2024-11-28 19:05:05
evt_000672,sub_000469,cancelled,plus,,-99,2024-11-28 17:58:07
evt_000673,sub_000484,created,,plus,99,2024-11-29 10:00:51
evt_000674,sub_000485,created,,plus,99,2024-11-29 12:33:17
evt_000675,sub_000486,created,,basic,49,2024-11-29 11:38:20
evt_000676,sub_000487,created,,basic,49,2024-11-29 09:30:07
evt_000677,sub_000005,plan_changed,plus,basic,-50,2024-11-29 10:44:10
evt_000678,sub_000231,cancelled,plus,,-99,2024-11-29 15:54:56
evt_000679,sub_000315,cancelled,basic,,-49,2024-11-29 11:58:45
evt_000680,sub_000358,plan_changed,plus,premium,100,2024-11-29 13:12:10
evt_000681,sub_000389,plan_changed,plus,premium,100,2024-11-29 19:05:47
evt_000682,sub_000488,created,,plus,99,2024-11-30 19:14:01
evt_000683,sub_000489,created,,basic,49,2024-11-30 15:26:51
evt_000684,sub_000490,created,,plus,99,2024-11-30 09:54:46
evt_000685,sub_000491,created,,basic,49,2024-11-30 09:47:08
evt_000686,sub_000492,created,,premium,199,2024-11-30 13:07:18
evt_000687,sub_000493,created,,basic,49,2024-11-30 11:51:23
evt_000688,sub_000215,plan_changed,plus,basic,-50,2024-11-30 19:48:10
evt_000689,sub_000308,cancelled,premium,,-199,2024-11-30 08:33:20
evt_000690,sub_000485,plan_changed,plus,premium,100,2024-11-30 11:27:51
evt_000691,sub_000494,created,,plus,99,2024-12-01 19:53:11
evt_000692,sub_000495,created,,plus,99,2024-12-01 08:47:19
evt_000693,sub_000496,created,,plus,99,2024-12-01 19:20:12
evt_000694,sub_000497,created,,basic,49,2024-12-01 15:07:41
evt_000695,sub_000498,created,,plus,99,2024-12-01 19:16:38
evt_000696,sub_000499,created,,plus,99,2024-12-01 09:30:37
evt_000697,sub_000500,created,,basic,49,2024-12-01 12:16:54
evt_000698,sub_000215,plan_changed,basic,plus,50,2024-12-01 11:45:33
evt_000699,sub_000244,plan_changed,plus,premium,100,2024-12-01 16:48:48
evt_000700,sub_000276,cancelled,basic,,-49,2024-12-01 17:33:25
evt_000701,sub_000305,plan_changed,basic,premium,150,2024-12-01 10:09:17
evt_000702,sub_000326,plan_changed,basic,premium,150,2024-12-01 16:42:58
evt_000703,sub_000376,cancelled,basic,,-49,2024-12-01 15:09:19
evt_000704,sub_000383,cancelled,basic,,-49,2024-12-01 19:23:34
evt_000705,sub_000490,cancelled,plus,,-99,2024-12-01 09:39:38
evt_000706,sub_000501,created,,basic,49,2024-12-02 09:18:55
evt_000707,sub_000502,created,,basic,49,2024-12-02 11:11:36
evt_000708,sub_000503,created,,plus,99,2024-12-02 11:33:45
evt_000709,sub_000504,created,,basic,49,2024-12-02 15:53:31
evt_000710,sub_000505,created,,plus,99,2024-12-02 18:03:39
evt_000711,sub_000506,created,,basic,49,2024-12-02 11:17:09
evt_000712,sub_000507,created,,basic,49,2024-12-02 17:39:39
evt_000713,sub_000508,created,,premium,199,2024-12-02 13:32:03
evt_000714,sub_000509,created,,basic,49,2024-12-02 09:47:34
evt_000715,sub_000510,created,,basic,49,2024-12-02 13:26:29
evt_000716,sub_000511,created,,plus,99,2024-12-02 09:27:54
evt_000717,sub_000512,created,,basic,49,2024-12-02 09:42:31
evt_000718,sub_000513,created,,basic,49,2024-12-02 19:28:16
evt_000719,sub_000514,created,,basic,49,2024-12-02 08:06:03
evt_000720,sub_000515,created,,plus,99,2024-12-02 14:49:02
evt_000721,sub_000042,cancelled,basic,,-49,2024-12-02 18:13:19
evt_000722,sub_000104,cancelled,plus,,-99,2024-12-02 15:25:10
evt_000723,sub_000160,cancelled,basic,,-49,2024-12-02 14:15:46
evt_000724,sub_000207,cancelled,basic,,-49,2024-12-02 09:02:35
evt_000725,sub_000318,cancelled,basic,,-49,2024-12-02 11:28:50
evt_000726,sub_000350,plan_changed,plus,premium,100,2024-12-02 10:13:22
evt_000727,sub_000373,plan_changed,basic,plus,50,2024-12-02 14:59:27
evt_000728,sub_000406,cancelled,plus,,-99,2024-12-02 11:44:42
evt_000729,sub_000434,plan_changed,premium,basic,-150,2024-12-02 08:58:43
evt_000730,sub_000516,created,,plus,99,2024-12-03 08:51:18
evt_000731,sub_000517,created,,plus,99,2024-12-03 15:23:58
evt_000732,sub_000518,created,,basic,49,2024-12-03 13:54:32
evt_000733,sub_000519,created,,basic,49,2024-12-03 10:18:08
evt_000734,sub_000520,created,,premium,199,2024-12-03 16:01:20
evt_000735,sub_000521,created,,premium,199,2024-12-03 10:23:55
evt_000736,sub_000522,created,,plus,99,2024-12-03 18:28:24
evt_000737,sub_000523,created,,plus,99,2024-12-03 16:38:21
evt_000738,sub_000524,created,,premium,199,2024-12-03 12:08:09
evt_000739,sub_000525,created,,plus,99,2024-12-03 19:22:44
evt_000740,sub_000068,plan_changed,basic,plus,50,2024-12-03 15:47:00
evt_000741,sub_000124,cancelled,plus,,-99,2024-12-03 17:52:49
evt_000742,sub_000417,cancelled,premium,,-199,2024-12-03 10:19:22
evt_000743,sub_000440,plan_changed,basic,plus,50,2024-12-03 10:29:47
evt_000744,sub_000467,cancelled,plus,,-99,2024-12-03 14:45:13
evt_000745,sub_000526,created,,plus,99,2024-12-04 09:15:35
evt_000746,sub_000527,created,,plus,99,2024-12-04 08:28:00
evt_000747,sub_000528,created,,basic,49,2024-12-04 19:03:26
evt_000748,sub_000529,created,,plus,99,2024-12-04 16:32:54
evt_000749,sub_000530,created,,basic,49,2024-12-04 17:47:39
evt_000750,sub_000531,created,,plus,99,2024-12-04 10:06:33
evt_000751,sub_000532,created,,basic,49,2024-12-04 19:14:50
evt_000752,sub_000533,created,,basic,49,2024-12-04 15:12:33
evt_000753,sub_000534,created,,premium,199,2024-12-04 14:24:33
evt_000754,sub_000535,created,,basic,49,2024-12-04 17:10:44
evt_000755,sub_000536,created,,plus,99,2024-12-04 15:44:58
evt_000756,sub_000240,plan_changed,plus,basic,-50,2024-12-04 10:59:34
evt_000757,sub_000333,plan_changed,basic,plus,50,2024-12-04 13:42:01
evt_000758,sub_000474,plan_changed,basic,plus,50,2024-12-04 16:33:04
evt_000759,sub_000537,created,,premium,199,2024-12-05 09:57:27
evt_000760,sub_000538,created,,premium,199,2024-12-05 14:33:45
evt_000761,sub_000539,created,,plus,99,2024-12-05 15:37:40
evt_000762,sub_000540,created,,basic,49,2024-12-05 14:56:46
evt_000763,sub_000304,cancelled,plus,,-99,2024-12-05 16:44:57
evt_000764,sub_000353,cancelled,premium,,-199,2024-12-05 16:17:20
evt_000765,sub_000355,cancelled,plus,,-99,2024-12-05 11:24:36
evt_000766,sub_000388,cancelled,plus,,-99,2024-12-05 15:33:15
evt_000767,sub_000412,plan_changed,basic,plus,50,2024-12-05 14:52:53
evt_000768,sub_000533,cancelled,basic,,-49,2024-12-05 15:48:52
evt_000769,sub_000541,created,,basic,49,2024-12-06 19:30:58
evt_000770,sub_000542,created,,basic,49,2024-12-06 10:26:17
evt_000771,sub_000543,created,,plus,99,2024-12-06 17:30:00
evt_000772,sub_000544,created,,plus,99,2024-12-06 16:50:53
evt_000773,sub_000545,created,,premium,199,2024-12-06 12:24:13
evt_000774,sub_000546,created,,premium,199,2024-12-06 09:30:13
evt_000775,sub_000547,created,,plus,99,2024-12-06 17:49:41
evt_000776,sub_000548,created,,basic,49,2024-12-06 15:29:02
evt_000777,sub_000090,cancelled,basic,,-49,2024-12-06 16:04:38
evt_000778,sub_000257,cancelled,plus,,-99,2024-12-06 17:25:08
evt_000779,sub_000434,plan_changed,basic,premium,150,2024-12-06 10:52:57
evt_000780,sub_000532,cancelled,basic,,-49,2024-12-06 10:46:18
evt_000781,sub_000549,created,,basic,49,2024-12-07 16:51:48
evt_000782,sub_000550,created,,basic,49,2024-12-07 08:13:03
evt_000783,sub_000551,created,,basic,49,2024-12-07 10:56:42
evt_000784,sub_000552,created,,plus,99,2024-12-07 10:13:04
evt_000785,sub_000553,created,,basic,49,2024-12-07 09:39:55
evt_000786,sub_000554,created,,basic,49,2024-12-07 16:05:35
evt_000787,sub_000041,plan_changed,premium,plus,-100,2024-12-07 13:28:19
evt_000788,sub_000070,plan_changed,basic,premium,150,2024-12-07 18:00:32
evt_000789,sub_000217,cancelled,plus,,-99,2024-12-07 08:43:24
evt_000790,sub_000373,cancelled,plus,,-99,2024-12-07 10:46:14
evt_000791,sub_000402,plan_changed,plus,premium,100,2024-12-07 09:51:32
evt_000792,sub_000412,cancelled,plus,,-99,2024-12-07 10:09:18
evt_000793,sub_000442,cancelled,plus,,-99,2024-12-07 19:13:25
evt_000794,sub_000520,plan_changed,premium,plus,-100,2024-12-07 09:10:45
evt_000795,sub_000555,created,,basic,49,2024-12-08 13:35:25
evt_000796,sub_000556,created,,basic,49,2024-12-08 19:33:13
evt_000797,sub_000557,created,,plus,99,2024-12-08 15:12:32
evt_000798,sub_000558,created,,basic,49,2024-12-08 17:48:37
evt_000799,sub_000559,created,,basic,49,2024-12-08 09:26:00
evt_000800,sub_000560,created,,plus,99,2024-12-08 10:41:19
evt_000801,sub_000561,created,,basic,49,2024-12-08 08:24:20
evt_000802,sub_000180,cancelled,premium,,-199,2024-12-08 10:01:24
evt_000803,sub_000235,plan_changed,plus,premium,100,2024-12-08 16:38:25
evt_000804,sub_000401,cancelled,plus,,-99,2024-12-08 12:03:02
evt_000805,sub_000440,plan_changed,plus,basic,-50,2024-12-08 11:10:31
evt_000806,sub_000506,cancelled,basic,,-49,2024-12-08 19:21:59
evt_000807,sub_000543,plan_changed,plus,basic,-50,2024-12-08 17:38:08
evt_000808,sub_000548,plan_changed,basic,plus,50,2024-12-08 10:18:26
evt_000809,sub_000562,created,,basic,49,2024-12-09 19:45:44
evt_000810,sub_000563,created,,plus,99,2024-12-09 18:56:50
evt_000811,sub_000564,created,,basic,49,2024-12-09 13:25:05
evt_000812,sub_000565,created,,plus,99,2024-12-09 14:54:53
evt_000813,sub_000566,created,,basic,49,2024-12-09 19:24:07
evt_000814,sub_000567,created,,plus,99,2024-12-09 16:53:21
evt_000815,sub_000568,created,,premium,199,2024-12-09 17:47:52
evt_000816,sub_000569,created,,plus,99,2024-12-09 16:03:14
evt_000817,sub_000570,created,,basic,49,2024-12-09 14:51:20
evt_000818,sub_000571,created,,plus,99,2024-12-09 10:51:35
evt_000819,sub_000050,cancelled,basic,,-49,2024-12-09 15:35:59
evt_000820,sub_000087,plan_changed,basic,premium,150,2024-12-09 19:17:24
evt_000821,sub_000115,cancelled,basic,,-49,2024-12-09 14:23:46
evt_000822,sub_000117,plan_changed,plus,premium,100,2024-12-09 09:58:37
evt_000823,sub_000121,plan_changed,premium,plus,-100,2024-12-09 09:02:13
evt_000824,sub_000158,plan_changed,premium,plus,-100,2024-12-09 12:38:48
evt_000825,sub_000175,plan_changed,plus,premium,100,2024-12-09 18:09:56
evt_000826,sub_000215,plan_changed,plus,basic,-50,2024-12-09 12:52:03
evt_000827,sub_000235,cancelled,premium,,-199,2024-12-09 11:23:37
evt_000828,sub_000268,cancelled,plus,,-99,2024-12-09 08:31:33
evt_000829,sub_000289,cancelled,basic,,-49,2024-12-09 10:57:03
evt_000830,sub_000295,cancelled,plus,,-99,2024-12-09 12:09:00
evt_000831,sub_000332,plan_changed,plus,premium,100,2024-12-09 17:46:23
evt_000832,sub_000507,plan_changed,basic,plus,50,2024-12-09 16:46:53
evt_000833,sub_000572,created,,basic,49,2024-12-10 11:48:45
evt_000834,sub_000573,created,,plus,99,2024-12-10 14:34:01
evt_000835,sub_000574,created,,plus,99,2024-12-10 09:45:04
evt_000836,sub_000575,created,,premium,199,2024-12-10 11:03:27
evt_000837,sub_000576,created,,basic,49,2024-12-10 12:36:04
evt_000838,sub_000577,created,,basic,49,2024-12-10 13:49:00
evt_000839,sub_000578,created,,premium,199,2024-12-10 15:17:19
evt_000840,sub_000579,created,,plus,99,2024-12-10 11:14:16
evt_000841,sub_000049,plan_changed,premium,basic,-150,2024-12-10 12:45:44
evt_000842,sub_000183,plan_changed,plus,basic,-50,2024-12-10 09:39:48
evt_000843,sub_000225,plan_changed,plus,premium,100,2024-12-10 09:55:57
evt_000844,sub_000243,plan_changed,basic,plus,50,2024-12-10 08:27:49
evt_000845,sub_000284,cancelled,premium,,-199,2024-12-10 14:27:03
evt_000846,sub_000298,cancelled,basic,,-49,2024-12-10 09:14:24
evt_000847,sub_000517,cancelled,plus,,-99,2024-12-10 11:32:05
evt_000848,sub_000580,created,,basic,49,2024-12-11 14:48:56
evt_000849,sub_000581,created,,basic,49,2024-12-11 18:17:23
evt_000850,sub_000582,created,,basic,49,2024-12-11 10:49:55
evt_000851,sub_000583,created,,basic,49,2024-12-11 14:23:53
evt_000852,sub_000584,created,,premium,199,2024-12-11 18:41:39
evt_000853,sub_000585,created,,plus,99,2024-12-11 18:29:39
evt_000854,sub_000047,cancelled,plus,,-99,2024-12-11 16:39:15
evt_000855,sub_000054,plan_changed,plus,premium,100,2024-12-11 11:00:23
evt_000856,sub_000056,cancelled,basic,,-49,2024-12-11 12:53:59
evt_000857,sub_000143,plan_changed,basic,premium,150,2024-12-11 08:04:00
evt_000858,sub_000316,plan_changed,plus,premium,100,2024-12-11 13:54:27
evt_000859,sub_000317,plan_changed,plus,premium,100,2024-12-11 19:34:35
evt_000860,sub_000362,cancelled,plus,,-99,2024-12-11 09:44:29
evt_000861,sub_000385,cancelled,plus,,-99,2024-12-11 09:27:27
evt_000862,sub_000408,plan_changed,plus,premium,100,2024-12-11 11:21:48
evt_000863,sub_000445,cancelled,basic,,-49,2024-12-11 19:13:50
evt_000864,sub_000476,cancelled,plus,,-99,2024-12-11 17:28:34
evt_000865,sub_000541,cancelled,basic,,-49,2024-12-11 15:09:58
evt_000866,sub_000556,plan_changed,basic,premium,150,2024-12-11 19:55:03
evt_000867,sub_000586,created,,plus,99,2024-12-12 11:35:04
evt_000868,sub_000587,created,,basic,49,2024-12-12 14:15:12
evt_000869,sub_000588,created,,basic,49,2024-12-12 11:48:40
evt_000870,sub_000589,created,,plus,99,2024-12-12 15:51:50
evt_000871,sub_000590,created,,premium,199,2024-12-12 13:47:04
evt_000872,sub_000591,created,,plus,99,2024-12-12 19:07:34
evt_000873,sub_000592,created,,basic,49,2024-12-12 09:21:52
evt_000874,sub_000593,created,,plus,99,2024-12-12 09:56:14
evt_000875,sub_000594,created,,plus,99,2024-12-12 09:45:30
evt_000876,sub_000595,created,,premium,199,2024-12-12 17:55:37
evt_000877,sub_000596,created,,plus,99,2024-12-12 10:54:51
evt_000878,sub_000597,created,,basic,49,2024-12-12 13:01:36
evt_000879,sub_000598,created,,plus,99,2024-12-12 16:23:52
evt_000880,sub_000599,created,,plus,99,2024-12-12 14:34:46
evt_000881,sub_000600,created,,basic,49,2024-12-12 09:46:15
evt_000882,sub_000004,cancelled,basic,,-49,2024-12-12 11:26:26
evt_000883,sub_000147,cancelled,basic,,-49,2024-12-12 17:45:54
evt_000884,sub_000171,cancelled,plus,,-99,2024-12-12 18:28:43
evt_000885,sub_000400,cancelled,plus,,-99,2024-12-12 14:58:41
evt_000886,sub_000457,plan_changed,basic,plus,50,2024-12-12 13:07:58
evt_000887,sub_000514,plan_changed,basic,premium,150,2024-12-12 14:10:25
evt_000888,sub_000601,created,,plus,99,2024-12-13 10:44:31
evt_000889,sub_000602,created,,plus,99,2024-12-13 11:19:33
evt_000890,sub_000603,created,,plus,99,2024-12-13 14:25:04
evt_000891,sub_000604,created,,plus,99,2024-12-13 10:48:47
evt_000892,sub_000605,created,,basic,49,2024-12-13 11:08:29
evt_000893,sub_000606,created,,plus,99,2024-12-13 11:42:56
evt_000894,sub_000607,created,,plus,99,2024-12-13 16:50:21
evt_000895,sub_000608,created,,plus,99,2024-12-13 17:39:29
evt_000896,sub_000609,created,,basic,49,2024-12-13 11:09:07
evt_000897,sub_000610,created,,plus,99,2024-12-13 12:50:20
evt_000898,sub_000611,created,,basic,49,2024-12-13 10:54:09
evt_000899,sub_000612,created,,plus,99,2024-12-13 15:23:21
evt_000900,sub_000613,created,,basic,49,2024-12-13 12:04:15
evt_000901,sub_000614,created,,premium,199,2024-12-13 14:57:05
evt_000902,sub_000075,cancelled,plus,,-99,2024-12-13 18:52:02
evt_000903,sub_000156,cancelled,plus,,-99,2024-12-13 14:02:22
evt_000904,sub_000299,plan_changed,basic,plus,50,2024-12-13 13:18:50
evt_000905,sub_000329,cancelled,plus,,-99,2024-12-13 12:04:15
evt_000906,sub_000425,cancelled,basic,,-49,2024-12-13 10:08:09
evt_000907,sub_000440,plan_changed,basic,premium,150,2024-12-13 10:06:39
evt_000908,sub_000480,cancelled,basic,,-49,2024-12-13 13:36:23
evt_000909,sub_000535,cancelled,basic,,-49,2024-12-13 11:33:10
evt_000910,sub_000577,cancelled,basic,,-49,2024-12-13 14:34:51
evt_000911,sub_000615,created,,basic,49,2024-12-14 15:02:40
evt_000912,sub_000616,created,,basic,49,2024-12-14 18:31:32
evt_000913,sub_000617,created,,basic,49,2024-12-14 09:30:24
evt_000914,sub_000618,created,,basic,49,2024-12-14 17:27:25
evt_000915,sub_000619,created,,basic,49,2024-12-14 17:05:06
evt_000916,sub_000620,created,,basic,49,2024-12-14 11:07:53
evt_000917,sub_000051,plan_changed,basic,plus,50,2024-12-14 10:20:18
evt_000918,sub_000113,cancelled,premium,,-199,2024-12-14 16:51:34
evt_000919,sub_000183,plan_changed,basic,plus,50,2024-12-14 10:45:34
evt_000920,sub_000226,plan_changed,premium,basic,-150,2024-12-14 16:03:53
evt_000921,sub_000384,cancelled,basic,,-49,2024-12-14 09:16:41
evt_000922,sub_000398,plan_changed,basic,premium,150,2024-12-14 19:18:22
evt_000923,sub_000494,cancelled,plus,,-99,2024-12-14 17:02:41
evt_000924,sub_000562,cancelled,basic,,-49,2024-12-14 10:48:07
evt_000925,sub_000586,plan_changed,plus,premium,100,2024-12-14 17:17:54
evt_000926,sub_000621,created,,basic,49,2024-12-15 17:05:53
evt_000927,sub_000622,created,,basic,49,2024-12-15 09:02:42
evt_000928,sub_000623,created,,basic,49,2024-12-15 17:55:00
evt_000929,sub_000624,created,,plus,99,2024-12-15 10:46:50
evt_000930,sub_000625,created,,plus,99,2024-12-15 13:42:13
evt_000931,sub_000626,created,,plus,99,2024-12-15 10:43:14
evt_000932,sub_000627,created,,plus,99,2024-12-15 11:27:47
evt_000933,sub_000628,created,,plus,99,2024-12-15 16:40:25
evt_000934,sub_000629,created,,basic,49,2024-12-15 17:47:40
evt_000935,sub_000630,created,,basic,49,2024-12-15 18:02:03
evt_000936,sub_000631,created,,plus,99,2024-12-15 14:22:57
evt_000937,sub_000632,created,,basic,49,2024-12-15 19:17:39
evt_000938,sub_000116,cancelled,basic,,-49,2024-12-15 09:17:11
evt_000939,sub_000151,cancelled,plus,,-99,2024-12-15 17:24:43
evt_000940,sub_000191,cancelled,basic,,-49,2024-12-15 18:32:17
evt_000941,sub_000203,cancelled,basic,,-49,2024-12-15 16:59:26
evt_000942,sub_000305,cancelled,premium,,-199,2024-12-15 10:34:24
evt_000943,sub_000327,plan_changed,premium,plus,-100,2024-12-15 14:03:09
evt_000944,sub_000633,created,,premium,199,2024-12-16 10:44:27
evt_000945,sub_000634,created,,plus,99,2024-12-16 15:16:52
evt_000946,sub_000635,created,,basic,49,2024-12-16 14:49:23
evt_000947,sub_000636,created,,basic,49,2024-12-16 15:43:40
evt_000948,sub_000637,created,,plus,99,2024-12-16 12:06:30
evt_000949,sub_000026,plan_changed,basic,plus,50,2024-12-16 16:32:30
evt_000950,sub_000319,plan_changed,premium,plus,-100,2024-12-16 14:30:33
evt_000951,sub_000370,cancelled,plus,,-99,2024-12-16 11:42:59
evt_000952,sub_000427,plan_changed,plus,premium,100,2024-12-16 16:14:50
evt_000953,sub_000638,created,,basic,49,2024-12-17 18:40:32
evt_000954,sub_000639,created,,basic,49,2024-12-17 10:25:00
evt_000955,sub_000640,created,,basic,49,2024-12-17 11:07:17
evt_000956,sub_000641,created,,premium,199,2024-12-17 17:59:05
evt_000957,sub_000642,created,,premium,199,2024-12-17 18:37:27
evt_000958,sub_000643,created,,basic,49,2024-12-17 19:35:54
evt_000959,sub_000644,created,,plus,99,2024-12-17 12:31:12
evt_000960,sub_000001,cancelled,basic,,-49,2024-12-17 12:54:23
evt_000961,sub_000029,plan_changed,basic,premium,150,2024-12-17 11:10:31
evt_000962,sub_000091,plan_changed,plus,basic,-50,2024-12-17 08:44:39
evt_000963,sub_000097,cancelled,plus,,-99,2024-12-17 09:11:30
evt_000964,sub_000112,cancelled,plus,,-99,2024-12-17 09:00:19
evt_000965,sub_000332,cancelled,premium,,-199,2024-12-17 11:33:46
evt_000966,sub_000349,cancelled,plus,,-99,2024-12-17 19:59:39
evt_000967,sub_000573,cancelled,plus,,-99,2024-12-17 15:00:03
evt_000968,sub_000602,cancelled,plus,,-99,2024-12-17 09:43:57
evt_000969,sub_000603,plan_changed,plus,basic,-50,2024-12-17 18:56:54
evt_000970,sub_000624,cancelled,plus,,-99,2024-12-17 08:59:51
evt_000971,sub_000625,cancelled,plus,,-99,2024-12-17 13:05:53
evt_000972,sub_000645,created,,premium,199,2024-12-18 10:26:00
evt_000973,sub_000646,created,,basic,49,2024-12-18 18:06:59
evt_000974,sub_000647,created,,plus,99,2024-12-18 11:40:54
evt_000975,sub_000648,created,,basic,49,2024-12-18 17:41:10
evt_000976,sub_000649,created,,basic,49,2024-12-18 18:43:19
evt_000977,sub_000650,created,,basic,49,2024-12-18 15:08:08
evt_000978,sub_000651,created,,premium,199,2024-12-18 19:15:36
evt_000979,sub_000652,created,,plus,99,2024-12-18 19:35:55
evt_000980,sub_000653,created,,plus,99,2024-12-18 12:44:03
evt_000981,sub_000654,created,,basic,49,2024-12-18 16:58:48
evt_000982,sub_000125,cancelled,basic,,-49,2024-12-18 10:20:22
evt_000983,sub_000234,cancelled,premium,,-199,2024-12-18 16:54:47
evt_000984,sub_000345,cancelled,basic,,-49,2024-12-18 18:56:25
evt_000985,sub_000381,cancelled,plus,,-99,2024-12-18 12:38:12
evt_000986,sub_000431,plan_changed,plus,premium,100,2024-12-18 08:35:19
evt_000987,sub_000481,cancelled,basic,,-49,2024-12-18 12:30:39
evt_000988,sub_000497,cancelled,basic,,-49,2024-12-18 17:16:00
evt_000989,sub_000544,cancelled,plus,,-99,2024-12-18 12:46:44
evt_000990,sub_000618,plan_changed,basic,premium,150,2024-12-18 11:31:34
evt_000991,sub_000655,created,,basic,49,2024-12-19 18:07:47
evt_000992,sub_000656,created,,plus,99,2024-12-19 10:05:32
evt_000993,sub_000657,created,,basic,49,2024-12-19 10:10:29
evt_000994,sub_000658,created,,basic,49,2024-12-19 14:14:38
evt_000995,sub_000659,created,,premium,199,2024-12-19 15:32:14
evt_000996,sub_000660,created,,basic,49,2024-12-19 16:04:22
evt_000997,sub_000661,created,,premium,199,2024-12-19 12:08:56
evt_000998,sub_000100,plan_changed,premium,basic,-150,2024-12-19 11:42:52
evt_000999,sub_000320,cancelled,basic,,-49,2024-12-19 15:27:29
evt_001000,sub_000404,cancelled,plus,,-99,2024-12-19 12:26:49
evt_001001,sub_000524,cancelled,premium,,-199,2024-12-19 14:55:00
evt_001002,sub_000534,plan_changed,premium,plus,-100,2024-12-19 11:23:55
evt_001003,sub_000612,plan_changed,plus,premium,100,2024-12-19 16:55:54
evt_001004,sub_000615,cancelled,basic,,-49,2024-12-19 14:31:42
evt_001005,sub_000645,plan_changed,premium,plus,-100,2024-12-19 13:06:36
evt_001006,sub_000662,created,,basic,49,2024-12-20 17:12:47
evt_001007,sub_000663,created,,premium,199,2024-12-20 17:48:36
evt_001008,sub_000664,created,,plus,99,2024-12-20 12:49:16
evt_001009,sub_000665,created,,basic,49,2024-12-20 11:15:58
evt_001010,sub_000666,created,,premium,199,2024-12-20 15:15:42
evt_001011,sub_000667,created,,basic,49,2024-12-20 19:08:25
evt_001012,sub_000668,created,,basic,49,2024-12-20 19:44:20
evt_001013,sub_000669,created,,basic,49,2024-12-20 12:43:20
evt_001014,sub_000670,created,,plus,99,2024-12-20 11:02:49
evt_001015,sub_000671,created,,plus,99,2024-12-20 12:21:54
evt_001016,sub_000672,created,,premium,199,2024-12-20 10:49:45
evt_001017,sub_000673,created,,plus,99,2024-12-20 18:08:07
evt_001018,sub_000121,cancelled,plus,,-99,2024-12-20 08:31:24
evt_001019,sub_000199,cancelled,basic,,-49,2024-12-20 09:47:05
evt_001020,sub_000261,cancelled,basic,,-49,2024-12-20 18:59:50
evt_001021,sub_000356,plan_changed,basic,plus,50,2024-12-20 12:36:01
evt_001022,sub_000405,plan_changed,basic,plus,50,2024-12-20 09:55:49
evt_001023,sub_000450,cancelled,basic,,-49,2024-12-20 15:23:36
evt_001024,sub_000528,cancelled,basic,,-49,2024-12-20 09:16:57
evt_001025,sub_000674,created,,plus,99,2024-12-21 18:56:17
evt_001026,sub_000675,created,,plus,99,2024-12-21 08:59:10
evt_001027,sub_000676,created,,premium,199,2024-12-21 13:07:44
evt_001028,sub_000677,created,,basic,49,2024-12-21 10:32:23
evt_001029,sub_000678,created,,basic,49,2024-12-21 15:49:57
evt_001030,sub_000319,cancelled,plus,,-99,2024-12-21 15:12:35
evt_001031,sub_000397,cancelled,basic,,-49,2024-12-21 10:03:07
evt_001032,sub_000462,cancelled,basic,,-49,2024-12-21 16:12:03
evt_001033,sub_000491,plan_changed,basic,premium,150,2024-12-21 10:47:21
evt_001034,sub_000508,cancelled,premium,,-199,2024-12-21 19:07:52
evt_001035,sub_000527,cancelled,plus,,-99,2024-12-21 19:47:57
evt_001036,sub_000591,cancelled,plus,,-99,2024-12-21 14:58:32
evt_001037,sub_000623,cancelled,basic,,-49,2024-12-21 11:09:45
evt_001038,sub_000679,created,,plus,99,2024-12-22 19:57:47
evt_001039,sub_000680,created,,plus,99,2024-12-22 15:50:40
evt_001040,sub_000681,created,,premium,199,2024-12-22 10:59:28
evt_001041,sub_000682,created,,basic,49,2024-12-22 08:35:51
evt_001042,sub_000683,created,,plus,99,2024-12-22 14:34:39
evt_001043,sub_000684,created,,premium,199,2024-12-22 15:59:59
evt_001044,sub_000685,created,,basic,49,2024-12-22 16:58:18
evt_001045,sub_000686,created,,plus,99,2024-12-22 08:48:57
evt_001046,sub_000126,cancelled,basic,,-49,2024-12-22 08:46:32
evt_001047,sub_000218,plan_changed,premium,basic,-150,2024-12-22 14:42:47
evt_001048,sub_000255,plan_changed,plus,basic,-50,2024-12-22 13:32:52
evt_001049,sub_000263,cancelled,plus,,-99,2024-12-22 14:00:36
evt_001050,sub_000403,plan_changed,premium,basic,-150,2024-12-22 17:12:56
evt_001051,sub_000411,plan_changed,plus,basic,-50,2024-12-22 18:14:05
evt_001052,sub_000498,plan_changed,plus,premium,100,2024-12-22 19:11:35
evt_001053,sub_000523,cancelled,plus,,-99,2024-12-22 08:53:20
evt_001054,sub_000629,plan_changed,basic,premium,150,2024-12-22 18:05:48
evt_001055,sub_000647,cancelled,plus,,-99,2024-12-22 15:14:26
evt_001056,sub_000687,created,,plus,99,2024-12-23 17:33:40
evt_001057,sub_000688,created,,plus,99,2024-12-23 08:28:33
evt_001058,sub_000689,created,,plus,99,2024-12-23 16:09:11
evt_001059,sub_000690,created,,plus,99,2024-12-23 12:38:56
evt_001060,sub_000691,created,,basic,49,2024-12-23 14:38:02
evt_001061,sub_000692,created,,basic,49,2024-12-23 11:03:16
evt_001062,sub_000693,created,,plus,99,2024-12-23 16:41:15
evt_001063,sub_000694,created,,basic,49,2024-12-23 09:08:38
evt_001064,sub_000695,created,,premium,199,2024-12-23 11:20:24
evt_001065,sub_000696,created,,plus,99,2024-12-23 08:04:37
evt_001066,sub_000100,cancelled,basic,,-49,2024-12-23 17:09:02
evt_001067,sub_000164,plan_changed,basic,plus,50,2024-12-23 14:25:07
evt_001068,sub_000371,plan_changed,basic,premium,150,2024-12-23 13:44:00
evt_001069,sub_000478,plan_changed,basic,premium,150,2024-12-23 18:07:50
evt_001070,sub_000586,cancelled,premium,,-199,2024-12-23 17:25:04
evt_001071,sub_000665,cancelled,basic,,-49,2024-12-23 17:00:09
evt_001072,sub_000697,created,,basic,49,2024-12-24 19:32:30
evt_001073,sub_000698,created,,plus,99,2024-12-24 19:40:05
evt_001074,sub_000699,created,,premium,199,2024-12-24 12:07:41
evt_001075,sub_000700,created,,premium,199,2024-12-24 18:05:45
evt_001076,sub_000701,created,,basic,49,2024-12-24 12:24:56
evt_001077,sub_000702,created,,basic,49,2024-12-24 17:51:24
evt_001078,sub_000703,created,,basic,49,2024-12-24 12:21:45
evt_001079,sub_000704,created,,plus,99,2024-12-24 11:38:58
evt_001080,sub_000705,created,,premium,199,2024-12-24 19:27:32
evt_001081,sub_000706,created,,basic,49,2024-12-24 12:58:50
evt_001082,sub_000707,created,,basic,49,2024-12-24 17:13:00
evt_001083,sub_000708,created,,plus,99,2024-12-24 19:08:21
evt_001084,sub_000709,created,,plus,99,2024-12-24 10:06:38
evt_001085,sub_000301,plan_changed,premium,plus,-100,2024-12-24 18:13:52
evt_001086,sub_000325,plan_changed,plus,premium,100,2024-12-24 08:47:56
evt_001087,sub_000333,cancelled,plus,,-99,2024-12-24 18:19:14
evt_001088,sub_000402,cancelled,premium,,-199,2024-12-24 16:42:37
evt_001089,sub_000403,cancelled,basic,,-49,2024-12-24 18:31:27
evt_001090,sub_000423,cancelled,plus,,-99,2024-12-24 14:25:42
evt_001091,sub_000539,cancelled,plus,,-99,2024-12-24 12:45:59
evt_001092,sub_000556,cancelled,premium,,-199,2024-12-24 15:33:41
evt_001093,sub_000575,plan_changed,premium,basic,-150,2024-12-24 12:32:07
evt_001094,sub_000632,cancelled,basic,,-49,2024-12-24 16:54:02
evt_001095,sub_000710,created,,plus,99,2024-12-25 11:59:03
evt_001096,sub_000711,created,,basic,49,2024-12-25 14:21:15
evt_001097,sub_000712,created,,basic,49,2024-12-25 18:54:54
evt_001098,sub_000713,created,,plus,99,2024-12-25 17:52:00
evt_001099,sub_000714,created,,premium,199,2024-12-25 11:26:00
evt_001100,sub_000715,created,,plus,99,2024-12-25 16:27:35
evt_001101,sub_000101,plan_changed,basic,plus,50,2024-12-25 19:45:18
evt_001102,sub_000245,cancelled,basic,,-49,2024-12-25 18:10:15
evt_001103,sub_000301,cancelled,plus,,-99,2024-12-25 13:35:48
evt_001104,sub_000461,plan_changed,plus,basic,-50,2024-12-25 09:15:25
evt_001105,sub_000489,cancelled,basic,,-49,2024-12-25 11:06:39
evt_001106,sub_000502,plan_changed,basic,plus,50,2024-12-25 09:35:26
evt_001107,sub_000570,plan_changed,basic,plus,50,2024-12-25 11:30:50
evt_001108,sub_000582,plan_changed,basic,plus,50,2024-12-25 19:23:04
evt_001109,sub_000590,plan_changed,premium,basic,-150,2024-12-25 11:25:03
evt_001110,sub_000595,cancelled,premium,,-199,2024-12-25 11:14:19
evt_001111,sub_000716,created,,plus,99,2024-12-26 13:04:30
evt_001112,sub_000717,created,,premium,199,2024-12-26 18:20:40
evt_001113,sub_000718,created,,basic,49,2024-12-26 14:23:05
evt_001114,sub_000719,created,,plus,99,2024-12-26 12:49:49
evt_001115,sub_000720,created,,basic,49,2024-12-26 14:55:43
evt_001116,sub_000721,created,,basic,49,2024-12-26 10:46:55
evt_001117,sub_000722,created,,basic,49,2024-12-26 16:00:49
evt_001118,sub_000723,created,,plus,99,2024-12-26 11:36:12
evt_001119,sub_000724,created,,plus,99,2024-12-26 09:28:29
evt_001120,sub_000725,created,,basic,49,2024-12-26 08:26:45
evt_001121,sub_000359,plan_changed,basic,premium,150,2024-12-26 15:57:12
evt_001122,sub_000382,cancelled,premium,,-199,2024-12-26 13:35:45
evt_001123,sub_000464,cancelled,plus,,-99,2024-12-26 10:52:21
evt_001124,sub_000557,plan_changed,plus,basic,-50,2024-12-26 09:37:35
evt_001125,sub_000621,cancelled,basic,,-49,2024-12-26 19:40:58
evt_001126,sub_000646,cancelled,basic,,-49,2024-12-26 14:02:25
evt_001127,sub_000669,cancelled,basic,,-49,2024-12-26 11:21:51
evt_001128,sub_000703,plan_changed,basic,premium,150,2024-12-26 15:10:26
evt_001129,sub_000726,created,,basic,49,2024-12-27 09:28:03
evt_001130,sub_000727,created,,basic,49,2024-12-27 16:10:29
evt_001131,sub_000728,created,,plus,99,2024-12-27 16:38:11
evt_001132,sub_000729,created,,basic,49,2024-12-27 15:40:27
evt_001133,sub_000730,created,,premium,199,2024-12-27 14:17:00
evt_001134,sub_000731,created,,premium,199,2024-12-27 15:58:20
evt_001135,sub_000732,created,,basic,49,2024-12-27 08:12:22
evt_001136,sub_000733,created,,basic,49,2024-12-27 13:53:07
evt_001137,sub_000734,created,,basic,49,2024-12-27 15:46:35
evt_001138,sub_000052,plan_changed,premium,basic,-150,2024-12-27 14:01:43
evt_001139,sub_000331,cancelled,plus,,-99,2024-12-27 10:48:45
evt_001140,sub_000365,cancelled,basic,,-49,2024-12-27 18:40:51
evt_001141,sub_000452,cancelled,basic,,-49,2024-12-27 10:36:50
evt_001142,sub_000594,plan_changed,plus,premium,100,2024-12-27 19:31:03
evt_001143,sub_000612,cancelled,premium,,-199,2024-12-27 09:35:36
evt_001144,sub_000735,created,,premium,199,2024-12-28 12:40:24
evt_001145,sub_000736,created,,plus,99,2024-12-28 17:36:29
evt_001146,sub_000737,created,,plus,99,2024-12-28 16:16:03
evt_001147,sub_000738,created,,basic,49,2024-12-28 09:15:58
evt_001148,sub_000739,created,,basic,49,2024-12-28 18:20:21
evt_001149,sub_000740,created,,plus,99,2024-12-28 17:32:20
evt_001150,sub_000741,created,,basic,49,2024-12-28 19:07:59
evt_001151,sub_000742,created,,basic,49,2024-12-28 14:50:06
evt_001152,sub_000743,created,,basic,49,2024-12-28 10:09:09
evt_001153,sub_000744,created,,plus,99,2024-12-28 16:08:08
evt_001154,sub_000745,created,,plus,99,2024-12-28 15:53:34
evt_001155,sub_000746,created,,premium,199,2024-12-28 11:15:25
evt_001156,sub_000194,plan_changed,basic,premium,150,2024-12-28 15:51:15
evt_001157,sub_000218,plan_changed,basic,plus,50,2024-12-28 12:15:45
evt_001158,sub_000244,cancelled,premium,,-199,2024-12-28 16:32:02
evt_001159,sub_000413,cancelled,basic,,-49,2024-12-28 16:58:12
evt_001160,sub_000431,plan_changed,premium,plus,-100,2024-12-28 18:35:53
evt_001161,sub_000546,plan_changed,premium,plus,-100,2024-12-28 08:53:12
evt_001162,sub_000672,cancelled,premium,,-199,2024-12-28 09:39:57
evt_001163,sub_000747,created,,plus,99,2024-12-29 17:45:38
evt_001164,sub_000748,created,,basic,49,2024-12-29 19:45:27
evt_001165,sub_000749,created,,plus,99,2024-12-29 18:42:46
evt_001166,sub_000014,plan_changed,plus,basic,-50,2024-12-29 11:14:22
evt_001167,sub_000409,cancelled,basic,,-49,2024-12-29 12:59:54
evt_001168,sub_000428,plan_changed,premium,plus,-100,2024-12-29 12:18:30
evt_001169,sub_000509,cancelled,basic,,-49,2024-12-29 08:00:51
evt_001170,sub_000534,plan_changed,plus,basic,-50,2024-12-29 19:34:53
evt_001171,sub_000733,cancelled,basic,,-49,2024-12-29 14:24:07
evt_001172,sub_000750,created,,plus,99,2024-12-30 17:45:31
evt_001173,sub_000751,created,,plus,99,2024-12-30 15:10:30
evt_001174,sub_000752,created,,basic,49,2024-12-30 18:08:54
evt_001175,sub_000753,created,,basic,49,2024-12-30 15:01:59
evt_001176,sub_000754,created,,basic,49,2024-12-30 12:12:42
evt_001177,sub_000755,created,,basic,49,2024-12-30 12:37:35
evt_001178,sub_000756,created,,basic,49,2024-12-30 15:52:46
evt_001179,sub_000757,created,,premium,199,2024-12-30 10:07:55
evt_001180,sub_000758,created,,basic,49,2024-12-30 15:05:40
evt_001181,sub_000759,created,,basic,49,2024-12-30 19:20:30
evt_001182,sub_000760,created,,plus,99,2024-12-30 11:37:00
evt_001183,sub_000006,cancelled,basic,,-49,2024-12-30 08:10:28
evt_001184,sub_000098,plan_changed,plus,basic,-50,2024-12-30 14:45:51
evt_001185,sub_000360,plan_changed,plus,premium,100,2024-12-30 15:55:47
evt_001186,sub_000731,cancelled,premium,,-199,2024-12-30 19:15:58
evt_001187,sub_000761,created,,premium,199,2024-12-31 08:38:24
evt_001188,sub_000762,created,,plus,99,2024-12-31 11:25:27
evt_001189,sub_000763,created,,basic,49,2024-12-31 10:44:53
evt_001190,sub_000764,created,,premium,199,2024-12-31 13:46:46
evt_001191,sub_000765,created,,basic,49,2024-12-31 14:01:12
evt_001192,sub_000766,created,,premium,199,2024-12-31 19:39:26
evt_001193,sub_000148,cancelled,basic,,-49,2024-12-31 19:38:47
evt_001194,sub_000429,cancelled,basic,,-49,2024-12-31 11:25:40
evt_001195,sub_000473,plan_changed,premium,plus,-100,2024-12-31 10:52:14
evt_001196,sub_000510,plan_changed,basic,plus,50,2024-12-31 16:48:06
evt_001197,sub_000651,cancelled,premium,,-199,2024-12-31 18:25:00
evt_001198,sub_000690,plan_changed,plus,premium,100,2024-12-31 17:19:30
evt_001199,sub_000692,cancelled,basic,,-49,2024-12-31 19:49:20
evt_001200,sub_000730,plan_changed,premium,basic,-150,2024-12-31 13:34:23
