subscription_id,patient_id,plan_id,mrr_amount,status,started_at,cancelled_at,created_at,updated_at
sub_000001,pat_000001,basic,49,cancelled,2024-10-01,2024-12-17,2024-10-01 14:07:39,2024-12-17 12:54:23
sub_000002,pat_000003,basic,49,cancelled,2024-10-01,2024-11-15,2024-10-01 19:47:49,2024-11-15 11:10:22
sub_000003,pat_000004,basic,49,active,2024-10-01,,2024-10-01 19:42:09,2024-11-20 08:03:19
sub_000004,pat_000005,basic,49,cancelled,2024-10-01,2024-12-12,2024-10-01 19:25:20,2024-12-12 11:26:26
sub_000005,pat_000007,basic,49,active,2024-10-01,,2024-10-01 09:26:01,2024-11-29 10:44:10
sub_000006,pat_000008,basic,49,cancelled,2024-10-01,2024-12-30,2024-10-01 18:42:35,2024-12-30 08:10:28
sub_000007,pat_000009,basic,49,active,2024-10-02,,2024-10-02 09:49:48,2024-10-02 09:49:48
sub_000008,pat_000010,basic,49,active,2024-10-02,,2024-10-02 16:41:48,2024-10-02 16:41:48
sub_000009,pat_000011,premium,199,cancelled,2024-10-02,2024-10-26,2024-10-02 19:15:28,2024-10-26 09:21:14
sub_000010,pat_000014,basic,49,active,2024-10-02,,2024-10-02 09:27:51,2024-10-02 09:27:51
sub_000011,pat_000017,plus,99,active,2024-10-02,,2024-10-02 13:14:36,2024-10-02 13:14:36
sub_000012,pat_000021,premium,199,cancelled,2024-10-03,2024-11-14,2024-10-03 15:41:57,2024-11-14 16:50:40
sub_000013,pat_000023,basic,49,active,2024-10-03,,2024-10-03 14:44:11,2024-10-03 14:44:11
sub_000014,pat_000025,basic,49,active,2024-10-03,,2024-10-03 17:41:43,2024-12-29 11:14:22
sub_000015,pat_000027,basic,49,cancelled,2024-10-03,2024-10-28,2024-10-03 11:35:28,2024-10-28 18:38:26
sub_000016,pat_000029,basic,49,cancelled,2024-10-03,2024-10-06,2024-10-03 14:15:07,2024-10-06 09:35:42
sub_000017,pat_000031,basic,49,cancelled,2024-10-03,2024-11-06,2024-10-03 17:34:57,2024-11-06 18:04:46
sub_000018,pat_000034,basic,49,cancelled,2024-10-03,2024-10-07,2024-10-03 19:40:20,2024-10-07 19:15:24
sub_000019,pat_000035,plus,99,active,2024-10-04,,2024-10-04 16:42:30,2024-10-04 16:42:30
sub_000020,pat_000038,plus,99,cancelled,2024-10-04,2024-11-01,2024-10-04 08:57:20,2024-11-01 08:37:33
sub_000021,pat_000039,plus,99,cancelled,2024-10-04,2024-11-14,2024-10-04 17:44:31,2024-11-14 11:06:04
sub_000022,pat_000041,basic,49,active,2024-10-04,,2024-10-04 11:30:59,2024-10-04 11:30:59
sub_000023,pat_000043,basic,49,cancelled,2024-10-04,2024-10-21,2024-10-04 19:01:37,2024-10-21 10:59:19
sub_000024,pat_000044,plus,99,active,2024-10-04,,2024-10-04 18:25:32,2024-10-04 18:25:32
sub_000025,pat_000045,plus,99,active,2024-10-04,,2024-10-04 18:10:21,2024-10-04 18:10:21
sub_000026,pat_000046,plus,99,active,2024-10-05,,2024-10-05 10:34:44,2024-12-16 16:32:30
sub_000027,pat_000049,basic,49,cancelled,2024-10-05,2024-11-15,2024-10-05 15:08:45,2024-11-15 08:53:32
sub_000028,pat_000050,plus,99,cancelled,2024-10-05,2024-10-26,2024-10-05 17:17:57,2024-10-26 17:47:53
sub_000029,pat_000052,premium,199,active,2024-10-05,,2024-10-05 13:19:02,2024-12-17 11:10:31
sub_000030,pat_000053,plus,99,cancelled,2024-10-05,2024-10-12,2024-10-05 19:53:59,2024-10-12 08:21:36
sub_000031,pat_000054,basic,49,active,2024-10-06,,2024-10-06 11:59:13,2024-10-06 11:59:13
sub_000032,pat_000056,premium,199,cancelled,2024-10-06,2024-10-30,2024-10-06 16:57:38,2024-10-30 17:30:08
sub_000033,pat_000057,premium,199,active,2024-10-06,,2024-10-06 10:34:43,2024-11-25 18:12:24
sub_000034,pat_000060,basic,49,cancelled,2024-10-06,2024-10-07,2024-10-06 15:38:22,2024-10-07 18:51:42
sub_000035,pat_000061,basic,49,cancelled,2024-10-06,2024-11-02,2024-10-06 14:50:06,2024-11-02 18:56:22
sub_000036,pat_000062,basic,49,active,2024-10-07,,2024-10-07 19:53:39,2024-10-07 19:53:39
sub_000037,pat_000065,plus,99,cancelled,2024-10-07,2024-11-19,2024-10-07 11:28:09,2024-11-19 18:33:05
sub_000038,pat_000066,basic,49,active,2024-10-07,,2024-10-07 18:39:06,2024-10-07 18:39:06
sub_000039,pat_000068,basic,49,active,2024-10-07,,2024-10-07 16:44:41,2024-10-07 16:44:41
sub_000040,pat_000069,plus,99,cancelled,2024-10-07,2024-10-25,2024-10-07 09:51:56,2024-10-25 13:04:22
sub_000041,pat_000071,plus,99,active,2024-10-07,,2024-10-07 08:43:37,2024-12-07 13:28:19
sub_000042,pat_000072,basic,49,cancelled,2024-10-07,2024-12-02,2024-10-07 14:21:38,2024-12-02 18:13:19
sub_000043,pat_000074,premium,199,cancelled,2024-10-07,2024-11-16,2024-10-07 17:47:36,2024-11-16 11:51:10
sub_000044,pat_000076,plus,99,cancelled,2024-10-08,2024-11-14,2024-10-08 10:56:43,2024-11-14 15:19:03
sub_000045,pat_000079,basic,49,cancelled,2024-10-08,2024-11-19,2024-10-08 15:16:17,2024-11-19 11:33:07
sub_000046,pat_000080,plus,99,cancelled,2024-10-08,2024-10-28,2024-10-08 17:09:35,2024-10-28 12:02:48
sub_000047,pat_000082,plus,99,cancelled,2024-10-08,2024-12-11,2024-10-08 14:13:32,2024-12-11 16:39:15
sub_000048,pat_000084,basic,49,cancelled,2024-10-08,2024-10-09,2024-10-08 17:50:39,2024-10-09 08:26:11
sub_000049,pat_000085,basic,49,active,2024-10-08,,2024-10-08 15:37:45,2024-12-10 12:45:44
sub_000050,pat_000086,basic,49,cancelled,2024-10-08,2024-12-09,2024-10-08 10:26:52,2024-12-09 15:35:59
sub_000051,pat_000087,plus,99,active,2024-10-08,,2024-10-08 19:01:27,2024-12-14 10:20:18
sub_000052,pat_000089,basic,49,active,2024-10-09,,2024-10-09 17:32:37,2024-12-27 14:01:43
sub_000053,pat_000094,premium,199,active,2024-10-09,,2024-10-09 18:12:25,2024-10-09 18:12:25
sub_000054,pat_000097,premium,199,active,2024-10-09,,2024-10-09 17:32:08,2024-12-11 11:00:23
sub_000055,pat_000098,basic,49,active,2024-10-09,,2024-10-09 16:03:52,2024-10-09 16:03:52
sub_000056,pat_000099,basic,49,cancelled,2024-10-09,2024-12-11,2024-10-09 16:40:34,2024-12-11 12:53:59
sub_000057,pat_000100,basic,49,active,2024-10-09,,2024-10-09 12:29:33,2024-10-09 12:29:33
sub_000058,pat_000101,plus,99,cancelled,2024-10-09,2024-10-11,2024-10-09 18:09:09,2024-10-11 17:11:05
sub_000059,pat_000104,plus,99,active,2024-10-09,,2024-10-09 10:43:56,2024-10-09 10:43:56
sub_000060,pat_000105,basic,49,cancelled,2024-10-09,2024-10-21,2024-10-09 17:04:39,2024-10-21 12:10:22
sub_000061,pat_000106,basic,49,active,2024-10-10,,2024-10-10 09:47:20,2024-10-10 09:47:20
sub_000062,pat_000107,basic,49,cancelled,2024-10-10,2024-10-29,2024-10-10 08:25:53,2024-10-29 09:12:38
sub_000063,pat_000109,basic,49,cancelled,2024-10-10,2024-11-20,2024-10-10 19:45:02,2024-11-20 14:11:46
sub_000064,pat_000110,basic,49,active,2024-10-10,,2024-10-10 17:03:37,2024-10-10 17:03:37
sub_000065,pat_000111,premium,199,cancelled,2024-10-10,2024-10-13,2024-10-10 14:04:12,2024-10-13 17:06:53
sub_000066,pat_000113,basic,49,cancelled,2024-10-10,2024-10-12,2024-10-10 14:08:52,2024-10-12 11:32:33
sub_000067,pat_000118,plus,99,cancelled,2024-10-10,2024-11-23,2024-10-10 17:31:21,2024-11-23 15:21:20
sub_000068,pat_000120,plus,99,active,2024-10-11,,2024-10-11 14:34:34,2024-12-03 15:47:00
sub_000069,pat_000121,basic,49,active,2024-10-11,,2024-10-11 15:58:28,2024-10-11 15:58:28
sub_000070,pat_000123,premium,199,active,2024-10-11,,2024-10-11 11:15:37,2024-12-07 18:00:32
sub_000071,pat_000125,basic,49,active,2024-10-11,,2024-10-11 17:49:09,2024-11-11 09:57:53
sub_000072,pat_000127,basic,49,active,2024-10-11,,2024-10-11 12:51:13,2024-11-06 19:55:38
sub_000073,pat_000129,plus,99,cancelled,2024-10-11,2024-10-26,2024-10-11 17:40:03,2024-10-26 18:50:12
sub_000074,pat_000130,plus,99,active,2024-10-11,,2024-10-11 11:23:45,2024-10-11 11:23:45
sub_000075,pat_000138,plus,99,cancelled,2024-10-11,2024-12-13,2024-10-11 17:58:15,2024-12-13 18:52:02
sub_000076,pat_000139,basic,49,cancelled,2024-10-12,2024-10-27,2024-10-12 18:08:12,2024-10-27 08:22:31
sub_000077,pat_000140,basic,49,active,2024-10-12,,2024-10-12 14:11:43,2024-10-12 14:11:43
sub_000078,pat_000142,premium,199,active,2024-10-12,,2024-10-12 10:48:31,2024-10-12 10:48:31
sub_000079,pat_000144,basic,49,active,2024-10-12,,2024-10-12 19:40:39,2024-10-12 19:40:39
sub_000080,pat_000148,plus,99,active,2024-10-12,,2024-10-12 15:19:54,2024-10-12 15:19:54
sub_000081,pat_000149,basic,49,active,2024-10-12,,2024-10-12 18:10:36,2024-10-12 18:10:36
sub_000082,pat_000150,plus,99,cancelled,2024-10-12,2024-10-27,2024-10-12 10:35:15,2024-10-27 17:29:10
sub_000083,pat_000152,plus,99,cancelled,2024-10-12,2024-10-25,2024-10-12 16:03:58,2024-10-25 14:37:08
sub_000084,pat_000153,basic,49,active,2024-10-12,,2024-10-12 18:33:01,2024-10-12 18:33:01
sub_000085,pat_000154,basic,49,active,2024-10-12,,2024-10-12 09:48:29,2024-10-12 09:48:29
sub_000086,pat_000155,basic,49,cancelled,2024-10-12,2024-11-09,2024-10-12 13:49:34,2024-11-09 11:14:16
sub_000087,pat_000156,premium,199,active,2024-10-12,,2024-10-12 12:15:18,2024-12-09 19:17:24
sub_000088,pat_000159,basic,49,active,2024-10-13,,2024-10-13 11:20:22,2024-10-28 09:52:48
sub_000089,pat_000160,plus,99,cancelled,2024-10-13,2024-11-01,2024-10-13 10:12:24,2024-11-01 19:09:25
sub_000090,pat_000163,basic,49,cancelled,2024-10-13,2024-12-06,2024-10-13 08:37:37,2024-12-06 16:04:38
sub_000091,pat_000165,basic,49,active,2024-10-13,,2024-10-13 13:57:19,2024-12-17 08:44:39
sub_000092,pat_000166,basic,49,active,2024-10-13,,2024-10-13 11:58:43,2024-10-13 11:58:43
sub_000093,pat_000169,basic,49,cancelled,2024-10-14,2024-11-10,2024-10-14 11:04:04,2024-11-10 18:03:33
sub_000094,pat_000171,basic,49,cancelled,2024-10-14,2024-11-24,2024-10-14 09:57:03,2024-11-24 16:54:37
sub_000095,pat_000172,basic,49,active,2024-10-14,,2024-10-14 15:47:51,2024-10-14 15:47:51
sub_000096,pat_000175,premium,199,active,2024-10-14,,2024-10-14 19:26:56,2024-10-14 19:26:56
sub_000097,pat_000176,plus,99,cancelled,2024-10-14,2024-12-17,2024-10-14 12:12:46,2024-12-17 09:11:30
sub_000098,pat_000177,basic,49,active,2024-10-14,,2024-10-14 13:06:00,2024-12-30 14:45:51
sub_000099,pat_000182,premium,199,cancelled,2024-10-14,2024-10-28,2024-10-14 10:25:14,2024-10-28 11:03:15
sub_000100,pat_000183,basic,49,cancelled,2024-10-14,2024-12-23,2024-10-14 13:22:06,2024-12-23 17:09:02
sub_000101,pat_000187,plus,99,active,2024-10-15,,2024-10-15 18:30:03,2024-12-25 19:45:18
sub_000102,pat_000188,plus,99,cancelled,2024-10-15,2024-11-27,2024-10-15 10:57:39,2024-11-27 16:23:39
sub_000103,pat_000189,basic,49,active,2024-10-15,,2024-10-15 18:34:51,2024-10-15 18:34:51
sub_000104,pat_000191,plus,99,cancelled,2024-10-15,2024-12-02,2024-10-15 19:34:58,2024-12-02 15:25:10
sub_000105,pat_000194,plus,99,cancelled,2024-10-15,2024-10-26,2024-10-15 15:06:51,2024-10-26 17:49:24
sub_000106,pat_000196,premium,199,cancelled,2024-10-15,2024-10-24,2024-10-15 08:32:13,2024-10-24 09:37:10
sub_000107,pat_000197,premium,199,active,2024-10-15,,2024-10-15 15:16:50,2024-11-17 11:22:39
sub_000108,pat_000199,plus,99,cancelled,2024-10-15,2024-11-12,2024-10-15 15:49:00,2024-11-12 19:39:42
sub_000109,pat_000200,basic,49,active,2024-10-15,,2024-10-15 18:12:42,2024-10-15 18:12:42
sub_000110,pat_000201,basic,49,active,2024-10-15,,2024-10-15 19:43:03,2024-10-15 19:43:03
sub_000111,pat_000202,premium,199,active,2024-10-15,,2024-10-15 13:46:27,2024-11-06 18:48:35
sub_000112,pat_000206,plus,99,cancelled,2024-10-16,2024-12-17,2024-10-16 09:53:39,2024-12-17 09:00:19
sub_000113,pat_000207,premium,199,cancelled,2024-10-16,2024-12-14,2024-10-16 10:16:47,2024-12-14 16:51:34
sub_000114,pat_000208,basic,49,cancelled,2024-10-16,2024-10-24,2024-10-16 11:17:15,2024-10-24 09:11:59
sub_000115,pat_000209,basic,49,cancelled,2024-10-16,2024-12-09,2024-10-16 14:29:53,2024-12-09 14:23:46
sub_000116,pat_000210,basic,49,cancelled,2024-10-16,2024-12-15,2024-10-16 17:29:03,2024-12-15 09:17:11
sub_000117,pat_000211,premium,199,active,2024-10-16,,2024-10-16 09:05:13,2024-12-09 09:58:37
sub_000118,pat_000212,premium,199,active,2024-10-16,,2024-10-16 19:18:52,2024-11-26 14:18:08
sub_000119,pat_000213,plus,99,cancelled,2024-10-16,2024-10-26,2024-10-16 12:20:12,2024-10-26 08:50:09
sub_000120,pat_000215,premium,199,cancelled,2024-10-17,2024-10-28,2024-10-17 17:42:24,2024-10-28 17:46:59
sub_000121,pat_000216,plus,99,cancelled,2024-10-17,2024-12-20,2024-10-17 13:39:16,2024-12-20 08:31:24
sub_000122,pat_000217,plus,99,cancelled,2024-10-17,2024-11-28,2024-10-17 12:13:52,2024-11-28 17:53:53
sub_000123,pat_000219,basic,49,cancelled,2024-10-17,2024-10-21,2024-10-17 17:32:59,2024-10-21 14:28:12
sub_000124,pat_000220,plus,99,cancelled,2024-10-17,2024-12-03,2024-10-17 10:34:34,2024-12-03 17:52:49
sub_000125,pat_000221,basic,49,cancelled,2024-10-17,2024-12-18,2024-10-17 09:43:27,2024-12-18 10:20:22
sub_000126,pat_000223,basic,49,cancelled,2024-10-17,2024-12-22,2024-10-17 12:13:13,2024-12-22 08:46:32
sub_000127,pat_000224,basic,49,active,2024-10-17,,2024-10-17 10:08:07,2024-10-17 10:08:07
sub_000128,pat_000225,basic,49,cancelled,2024-10-18,2024-10-19,2024-10-18 19:05:57,2024-10-19 08:03:44
sub_000129,pat_000226,premium,199,cancelled,2024-10-18,2024-11-25,2024-10-18 11:38:13,2024-11-25 09:05:04
sub_000130,pat_000227,basic,49,active,2024-10-18,,2024-10-18 18:59:44,2024-10-18 18:59:44
sub_000131,pat_000228,plus,99,cancelled,2024-10-18,2024-11-11,2024-10-18 19:02:58,2024-11-11 14:22:18
sub_000132,pat_000229,plus,99,cancelled,2024-10-18,2024-10-23,2024-10-18 10:35:02,2024-10-23 11:54:25
sub_000133,pat_000230,basic,49,cancelled,2024-10-18,2024-10-30,2024-10-18 12:01:24,2024-10-30 15:18:51
sub_000134,pat_000232,basic,49,active,2024-10-18,,2024-10-18 14:54:55,2024-10-18 14:54:55
sub_000135,pat_000234,premium,199,cancelled,2024-10-18,2024-10-24,2024-10-18 12:27:42,2024-10-24 16:48:30
sub_000136,pat_000236,plus,99,active,2024-10-18,,2024-10-18 18:43:16,2024-10-18 18:43:16
sub_000137,pat_000239,plus,99,cancelled,2024-10-18,2024-11-20,2024-10-18 13:53:38,2024-11-20 09:54:18
sub_000138,pat_000240,premium,199,active,2024-10-18,,2024-10-18 16:35:31,2024-10-18 16:35:31
sub_000139,pat_000244,plus,99,cancelled,2024-10-18,2024-10-25,2024-10-18 11:54:37,2024-10-25 13:44:20
sub_000140,pat_000246,basic,49,active,2024-10-19,,2024-10-19 18:35:31,2024-10-19 18:35:31
sub_000141,pat_000248,basic,49,active,2024-10-19,,2024-10-19 12:26:09,2024-10-19 12:26:09
sub_000142,pat_000250,basic,49,cancelled,2024-10-19,2024-11-24,2024-10-19 11:07:09,2024-11-24 10:36:32
sub_000143,pat_000251,premium,199,active,2024-10-19,,2024-10-19 17:14:49,2024-12-11 08:04:00
sub_000144,pat_000252,plus,99,active,2024-10-19,,2024-10-19 11:32:34,2024-10-19 11:32:34
sub_000145,pat_000253,basic,49,cancelled,2024-10-19,2024-11-04,2024-10-19 09:39:06,2024-11-04 10:19:08
sub_000146,pat_000254,basic,49,active,2024-10-19,,2024-10-19 18:20:29,2024-10-19 18:20:29
sub_000147,pat_000256,basic,49,cancelled,2024-10-20,2024-12-12,2024-10-20 13:01:41,2024-12-12 17:45:54
sub_000148,pat_000258,basic,49,cancelled,2024-10-20,2024-12-31,2024-10-20 08:31:28,2024-12-31 19:38:47
sub_000149,pat_000259,plus,99,cancelled,2024-10-20,2024-11-20,2024-10-20 13:11:02,2024-11-20 19:11:13
sub_000150,pat_000260,plus,99,cancelled,2024-10-20,2024-10-29,2024-10-20 10:24:02,2024-10-29 12:55:55
sub_000151,pat_000261,plus,99,cancelled,2024-10-20,2024-12-15,2024-10-20 19:41:02,2024-12-15 17:24:43
sub_000152,pat_000265,premium,199,cancelled,2024-10-20,2024-11-16,2024-10-20 12:35:36,2024-11-16 18:52:24
sub_000153,pat_000266,basic,49,cancelled,2024-10-20,2024-11-26,2024-10-20 08:34:04,2024-11-26 19:28:53
sub_000154,pat_000267,plus,99,active,2024-10-20,,2024-10-20 14:47:13,2024-11-11 12:38:27
sub_000155,pat_000268,premium,199,cancelled,2024-10-20,2024-11-03,2024-10-20 18:33:16,2024-11-03 12:57:12
sub_000156,pat_000270,plus,99,cancelled,2024-10-20,2024-12-13,2024-10-20 16:36:04,2024-12-13 14:02:22
sub_000157,pat_000271,basic,49,cancelled,2024-10-20,2024-11-09,2024-10-20 13:19:25,2024-11-09 09:31:50
sub_000158,pat_000273,plus,99,active,2024-10-21,,2024-10-21 12:28:18,2024-12-09 12:38:48
sub_000159,pat_000274,basic,49,cancelled,2024-10-21,2024-11-02,2024-10-21 11:11:18,2024-11-02 14:09:57
sub_000160,pat_000277,basic,49,cancelled,2024-10-21,2024-12-02,2024-10-21 08:56:05,2024-12-02 14:15:46
sub_000161,pat_000279,plus,99,cancelled,2024-10-21,2024-11-01,2024-10-21 16:22:45,2024-11-01 18:59:08
sub_000162,pat_000281,plus,99,active,2024-10-21,,2024-10-21 10:45:38,2024-10-21 10:45:38
sub_000163,pat_000284,basic,49,cancelled,2024-10-21,2024-11-23,2024-10-21 09:28:36,2024-11-23 09:08:06
sub_000164,pat_000285,plus,99,active,2024-10-21,,2024-10-21 16:51:24,2024-12-23 14:25:07
sub_000165,pat_000286,premium,199,cancelled,2024-10-21,2024-11-23,2024-10-21 19:47:45,2024-11-23 10:43:28
sub_000166,pat_000288,basic,49,cancelled,2024-10-21,2024-11-09,2024-10-21 14:09:54,2024-11-09 10:11:50
sub_000167,pat_000289,basic,49,active,2024-10-21,,2024-10-21 16:10:20,2024-10-21 16:10:20
sub_000168,pat_000291,basic,49,active,2024-10-22,,2024-10-22 19:49:35,2024-10-22 19:49:35
sub_000169,pat_000293,basic,49,cancelled,2024-10-22,2024-10-28,2024-10-22 08:12:35,2024-10-28 09:42:46
sub_000170,pat_000294,plus,99,active,2024-10-22,,2024-10-22 17:10:31,2024-10-22 17:10:31
sub_000171,pat_000295,plus,99,cancelled,2024-10-22,2024-12-12,2024-10-22 16:30:25,2024-12-12 18:28:43
sub_000172,pat_000296,plus,99,cancelled,2024-10-22,2024-10-26,2024-10-22 12:17:33,2024-10-26 09:29:23
sub_000173,pat_000297,basic,49,active,2024-10-22,,2024-10-22 15:24:15,2024-10-22 15:24:15
sub_000174,pat_000298,basic,49,cancelled,2024-10-22,2024-11-24,2024-10-22 08:51:19,2024-11-24 18:06:40
sub_000175,pat_000299,premium,199,active,2024-10-22,,2024-10-22 15:16:35,2024-12-09 18:09:56
sub_000176,pat_000300,basic,49,cancelled,2024-10-22,2024-10-31,2024-10-22 15:38:31,2024-10-31 08:34:51
sub_000177,pat_000304,plus,99,active,2024-10-23,,2024-10-23 10:09:36,2024-10-23 10:09:36
sub_000178,pat_000305,basic,49,active,2024-10-23,,2024-10-23 08:36:54,2024-10-23 08:36:54
sub_000179,pat_000307,plus,99,active,2024-10-23,,2024-10-23 11:03:10,2024-10-23 11:03:10
sub_000180,pat_000308,premium,199,cancelled,2024-10-23,2024-12-08,2024-10-23 09:38:08,2024-12-08 10:01:24
sub_000181,pat_000309,basic,49,cancelled,2024-10-23,2024-10-29,2024-10-23 11:17:20,2024-10-29 13:11:21
sub_000182,pat_000311,basic,49,cancelled,2024-10-24,2024-11-23,2024-10-24 10:17:22,2024-11-23 14:57:16
sub_000183,pat_000320,plus,99,active,2024-10-24,,2024-10-24 16:56:34,2024-12-14 10:45:34
sub_000184,pat_000321,plus,99,cancelled,2024-10-24,2024-11-19,2024-10-24 12:29:43,2024-11-19 14:16:46
sub_000185,pat_000323,plus,99,active,2024-10-24,,2024-10-24 18:03:26,2024-10-24 18:03:26
sub_000186,pat_000326,basic,49,active,2024-10-24,,2024-10-24 19:45:40,2024-10-24 19:45:40
sub_000187,pat_000327,basic,49,cancelled,2024-10-24,2024-11-25,2024-10-24 08:02:18,2024-11-25 08:08:44
sub_000188,pat_000332,basic,49,active,2024-10-25,,2024-10-25 15:07:38,2024-10-31 13:03:09
sub_000189,pat_000336,basic,49,cancelled,2024-10-25,2024-11-16,2024-10-25 15:56:52,2024-11-16 10:40:22
sub_000190,pat_000337,basic,49,active,2024-10-25,,2024-10-25 14:13:13,2024-10-25 14:13:13
sub_000191,pat_000338,basic,49,cancelled,2024-10-25,2024-12-15,2024-10-25 13:12:17,2024-12-15 18:32:17
sub_000192,pat_000339,plus,99,active,2024-10-26,,2024-10-26 11:18:25,2024-11-14 10:49:21
sub_000193,pat_000340,basic,49,active,2024-10-26,,2024-10-26 17:52:48,2024-10-26 17:52:48
sub_000194,pat_000341,premium,199,active,2024-10-26,,2024-10-26 18:35:13,2024-12-28 15:51:15
sub_000195,pat_000342,plus,99,active,2024-10-26,,2024-10-26 19:45:56,2024-10-26 19:45:56
sub_000196,pat_000343,premium,199,active,2024-10-26,,2024-10-26 11:08:50,2024-10-26 11:08:50
sub_000197,pat_000344,plus,99,cancelled,2024-10-26,2024-11-04,2024-10-26 15:05:23,2024-11-04 09:33:08
sub_000198,pat_000347,plus,99,active,2024-10-26,,2024-10-26 19:09:31,2024-10-26 19:09:31
sub_000199,pat_000348,basic,49,cancelled,2024-10-26,2024-12-20,2024-10-26 09:45:15,2024-12-20 09:47:05
sub_000200,pat_000349,basic,49,cancelled,2024-10-26,2024-11-15,2024-10-26 17:43:15,2024-11-15 14:04:46
sub_000201,pat_000351,premium,199,cancelled,2024-10-27,2024-11-07,2024-10-27 15:49:53,2024-11-07 14:33:11
sub_000202,pat_000352,plus,99,cancelled,2024-10-27,2024-11-22,2024-10-27 08:46:31,2024-11-22 11:00:58
sub_000203,pat_000354,basic,49,cancelled,2024-10-27,2024-12-15,2024-10-27 17:16:05,2024-12-15 16:59:26
sub_000204,pat_000358,basic,49,active,2024-10-27,,2024-10-27 12:46:08,2024-10-27 12:46:08
sub_000205,pat_000359,plus,99,cancelled,2024-10-27,2024-11-25,2024-10-27 09:22:13,2024-11-25 15:05:11
sub_000206,pat_000360,plus,99,active,2024-10-27,,2024-10-27 19:45:15,2024-11-16 17:15:14
sub_000207,pat_000361,basic,49,cancelled,2024-10-27,2024-12-02,2024-10-27 15:16:12,2024-12-02 09:02:35
sub_000208,pat_000362,premium,199,active,2024-10-27,,2024-10-27 12:25:51,2024-11-05 08:03:56
sub_000209,pat_000365,plus,99,active,2024-10-27,,2024-10-27 09:29:52,2024-10-27 09:29:52
sub_000210,pat_000366,plus,99,active,2024-10-28,,2024-10-28 18:00:48,2024-10-28 18:00:48
sub_000211,pat_000369,basic,49,cancelled,2024-10-28,2024-11-07,2024-10-28 10:34:23,2024-11-07 09:33:03
sub_000212,pat_000370,basic,49,active,2024-10-28,,2024-10-28 12:09:19,2024-10-28 12:09:19
sub_000213,pat_000371,basic,49,active,2024-10-28,,2024-10-28 12:43:30,2024-10-28 12:43:30
sub_000214,pat_000372,plus,99,active,2024-10-28,,2024-10-28 15:17:52,2024-10-28 15:17:52
sub_000215,pat_000374,basic,49,active,2024-10-28,,2024-10-28 11:29:33,2024-12-09 12:52:03
sub_000216,pat_000377,plus,99,cancelled,2024-10-29,2024-11-04,2024-10-29 11:50:46,2024-11-04 14:13:20
sub_000217,pat_000378,plus,99,cancelled,2024-10-29,2024-12-07,2024-10-29 17:19:07,2024-12-07 08:43:24
sub_000218,pat_000379,plus,99,active,2024-10-29,,2024-10-29 13:52:25,2024-12-28 12:15:45
sub_000219,pat_000380,premium,199,cancelled,2024-10-29,2024-11-23,2024-10-29 08:16:11,2024-11-23 11:06:22
sub_000220,pat_000381,plus,99,cancelled,2024-10-29,2024-10-31,2024-10-29 11:42:54,2024-10-31 10:45:10
sub_000221,pat_000382,plus,99,active,2024-10-29,,2024-10-29 13:56:59,2024-10-29 13:56:59
sub_000222,pat_000383,plus,99,active,2024-10-29,,2024-10-29 17:19:55,2024-10-29 17:19:55
sub_000223,pat_000385,basic,49,active,2024-10-29,,2024-10-29 09:11:38,2024-11-18 12:57:30
sub_000224,pat_000388,plus,99,cancelled,2024-10-29,2024-11-04,2024-10-29 11:11:23,2024-11-04 13:00:15
sub_000225,pat_000389,premium,199,active,2024-10-29,,2024-10-29 16:49:15,2024-12-10 09:55:57
sub_000226,pat_000390,basic,49,active,2024-10-29,,2024-10-29 12:03:23,2024-12-14 16:03:53
sub_000227,pat_000393,basic,49,active,2024-10-30,,2024-10-30 16:53:58,2024-10-30 16:53:58
sub_000228,pat_000394,premium,199,cancelled,2024-10-30,2024-10-31,2024-10-30 10:25:40,2024-10-31 19:45:44
sub_000229,pat_000396,premium,199,cancelled,2024-10-30,2024-11-17,2024-10-30 19:00:26,2024-11-17 13:02:49
sub_000230,pat_000397,basic,49,active,2024-10-30,,2024-10-30 15:09:38,2024-10-30 15:09:38
sub_000231,pat_000398,plus,99,cancelled,2024-10-30,2024-11-29,2024-10-30 08:36:53,2024-11-29 15:54:56
sub_000232,pat_000399,plus,99,active,2024-10-30,,2024-10-30 08:41:03,2024-10-30 08:41:03
sub_000233,pat_000400,plus,99,active,2024-10-30,,2024-10-30 14:29:45,2024-10-30 14:29:45
sub_000234,pat_000403,premium,199,cancelled,2024-10-30,2024-12-18,2024-10-30 09:53:57,2024-12-18 16:54:47
sub_000235,pat_000404,premium,199,cancelled,2024-10-30,2024-12-09,2024-10-30 16:57:03,2024-12-09 11:23:37
sub_000236,pat_000405,premium,199,cancelled,2024-10-30,2024-11-26,2024-10-30 18:28:00,2024-11-26 08:14:45
sub_000237,pat_000406,premium,199,active,2024-10-30,,2024-10-30 15:35:40,2024-10-30 15:35:40
sub_000238,pat_000407,premium,199,active,2024-10-30,,2024-10-30 11:08:01,2024-10-30 11:08:01
sub_000239,pat_000408,plus,99,active,2024-10-30,,2024-10-30 13:30:27,2024-11-14 17:05:54
sub_000240,pat_000409,basic,49,active,2024-10-30,,2024-10-30 13:47:38,2024-12-04 10:59:34
sub_000241,pat_000410,basic,49,active,2024-10-30,,2024-10-30 11:09:21,2024-10-30 11:09:21
sub_000242,pat_000411,basic,49,active,2024-10-30,,2024-10-30 10:46:57,2024-10-30 10:46:57
sub_000243,pat_000416,plus,99,active,2024-10-31,,2024-10-31 18:31:03,2024-12-10 08:27:49
sub_000244,pat_000417,premium,199,cancelled,2024-10-31,2024-12-28,2024-10-31 19:56:17,2024-12-28 16:32:02
sub_000245,pat_000418,basic,49,cancelled,2024-10-31,2024-12-25,2024-10-31 11:47:11,2024-12-25 18:10:15
sub_000246,pat_000422,premium,199,cancelled,2024-10-31,2024-11-14,2024-10-31 15:37:56,2024-11-14 11:30:44
sub_000247,pat_000423,plus,99,active,2024-10-31,,2024-10-31 19:58:22,2024-10-31 19:58:22
sub_000248,pat_000426,plus,99,active,2024-10-31,,2024-10-31 18:36:45,2024-10-31 18:36:45
sub_000249,pat_000427,basic,49,active,2024-10-31,,2024-10-31 13:26:40,2024-11-06 15:38:43
sub_000250,pat_000428,basic,49,cancelled,2024-10-31,2024-11-04,2024-10-31 18:05:14,2024-11-04 15:00:51
sub_000251,pat_000429,premium,199,cancelled,2024-10-31,2024-11-05,2024-10-31 09:23:09,2024-11-05 10:09:26
sub_000252,pat_000434,premium,199,cancelled,2024-11-01,2024-11-19,2024-11-01 08:40:38,2024-11-19 10:09:10
sub_000253,pat_000435,plus,99,active,2024-11-01,,2024-11-01 16:33:23,2024-11-01 16:33:23
sub_000254,pat_000436,plus,99,active,2024-11-01,,2024-11-01 15:40:55,2024-11-01 15:40:55
sub_000255,pat_000438,basic,49,active,2024-11-01,,2024-11-01 11:15:15,2024-12-22 13:32:52
sub_000256,pat_000439,premium,199,active,2024-11-01,,2024-11-01 17:44:32,2024-11-01 17:44:32
sub_000257,pat_000440,plus,99,cancelled,2024-11-01,2024-12-06,2024-11-01 19:52:40,2024-12-06 17:25:08
sub_000258,pat_000444,basic,49,cancelled,2024-11-01,2024-11-28,2024-11-01 15:18:21,2024-11-28 12:56:53
sub_000259,pat_000445,basic,49,active,2024-11-01,,2024-11-01 12:35:24,2024-11-01 12:35:24
sub_000260,pat_000446,basic,49,active,2024-11-02,,2024-11-02 08:46:41,2024-11-02 08:46:41
sub_000261,pat_000447,basic,49,cancelled,2024-11-02,2024-12-20,2024-11-02 16:21:06,2024-12-20 18:59:50
sub_000262,pat_000448,basic,49,active,2024-11-02,,2024-11-02 10:07:03,2024-11-02 10:07:03
sub_000263,pat_000449,plus,99,cancelled,2024-11-02,2024-12-22,2024-11-02 08:50:49,2024-12-22 14:00:36
sub_000264,pat_000451,premium,199,active,2024-11-02,,2024-11-02 15:03:15,2024-11-02 15:03:15
sub_000265,pat_000453,basic,49,active,2024-11-02,,2024-11-02 10:51:21,2024-11-02 10:51:21
sub_000266,pat_000455,plus,99,active,2024-11-02,,2024-11-02 09:51:25,2024-11-02 09:51:25
sub_000267,pat_000457,basic,49,cancelled,2024-11-02,2024-11-27,2024-11-02 11:46:17,2024-11-27 14:11:57
sub_000268,pat_000458,plus,99,cancelled,2024-11-02,2024-12-09,2024-11-02 08:49:35,2024-12-09 08:31:33
sub_000269,pat_000459,premium,199,active,2024-11-02,,2024-11-02 14:13:34,2024-11-02 14:13:34
sub_000270,pat_000460,basic,49,cancelled,2024-11-02,2024-11-11,2024-11-02 17:52:00,2024-11-11 09:24:40
sub_000271,pat_000463,premium,199,cancelled,2024-11-02,2024-11-09,2024-11-02 16:33:52,2024-11-09 16:32:34
sub_000272,pat_000465,basic,49,active,2024-11-03,,2024-11-03 10:13:21,2024-11-03 10:13:21
sub_000273,pat_000466,plus,99,cancelled,2024-11-03,2024-11-09,2024-11-03 13:28:09,2024-11-09 16:43:43
sub_000274,pat_000467,basic,49,active,2024-11-03,,2024-11-03 19:24:51,2024-11-03 19:24:51
sub_000275,pat_000469,premium,199,active,2024-11-03,,2024-11-03 18:30:41,2024-11-03 18:30:41
sub_000276,pat_000470,basic,49,cancelled,2024-11-03,2024-12-01,2024-11-03 18:43:28,2024-12-01 17:33:25
sub_000277,pat_000471,basic,49,cancelled,2024-11-03,2024-11-13,2024-11-03 19:58:10,2024-11-13 12:49:38
sub_000278,pat_000477,plus,99,active,2024-11-03,,2024-11-03 18:55:34,2024-11-03 18:55:34
sub_000279,pat_000478,basic,49,active,2024-11-03,,2024-11-03 11:59:23,2024-11-06 18:07:30
sub_000280,pat_000479,basic,49,cancelled,2024-11-03,2024-11-11,2024-11-03 19:27:10,2024-11-11 12:37:47
sub_000281,pat_000480,basic,49,cancelled,2024-11-03,2024-11-18,2024-11-03 08:21:25,2024-11-18 17:18:20
sub_000282,pat_000481,plus,99,active,2024-11-03,,2024-11-03 08:24:26,2024-11-03 08:24:26
sub_000283,pat_000482,plus,99,active,2024-11-04,,2024-11-04 14:13:49,2024-11-04 14:13:49
sub_000284,pat_000486,premium,199,cancelled,2024-11-04,2024-12-10,2024-11-04 15:54:18,2024-12-10 14:27:03
sub_000285,pat_000487,basic,49,cancelled,2024-11-04,2024-11-14,2024-11-04 13:35:44,2024-11-14 14:03:24
sub_000286,pat_000491,plus,99,cancelled,2024-11-04,2024-11-12,2024-11-04 19:36:10,2024-11-12 19:04:39
sub_000287,pat_000492,plus,99,active,2024-11-04,,2024-11-04 10:36:28,2024-11-04 10:36:28
sub_000288,pat_000493,basic,49,active,2024-11-04,,2024-11-04 10:36:51,2024-11-04 10:36:51
sub_000289,pat_000494,basic,49,cancelled,2024-11-04,2024-12-09,2024-11-04 12:31:00,2024-12-09 10:57:03
sub_000290,pat_000495,basic,49,active,2024-11-04,,2024-11-04 13:20:09,2024-11-04 13:20:09
sub_000291,pat_000497,basic,49,active,2024-11-04,,2024-11-04 13:50:20,2024-11-04 13:50:20
sub_000292,pat_000499,premium,199,active,2024-11-04,,2024-11-04 17:45:56,2024-11-04 17:45:56
sub_000293,pat_000500,premium,199,active,2024-11-04,,2024-11-04 17:11:47,2024-11-04 17:11:47
sub_000294,pat_000502,premium,199,active,2024-11-05,,2024-11-05 12:56:47,2024-11-05 12:56:47
sub_000295,pat_000503,plus,99,cancelled,2024-11-05,2024-12-09,2024-11-05 13:33:44,2024-12-09 12:09:00
sub_000296,pat_000504,plus,99,active,2024-11-05,,2024-11-05 13:16:55,2024-11-05 13:16:55
sub_000297,pat_000505,plus,99,active,2024-11-05,,2024-11-05 15:34:03,2024-11-05 15:34:03
sub_000298,pat_000509,basic,49,cancelled,2024-11-05,2024-12-10,2024-11-05 18:54:54,2024-12-10 09:14:24
sub_000299,pat_000510,plus,99,active,2024-11-05,,2024-11-05 09:53:40,2024-12-13 13:18:50
sub_000300,pat_000512,basic,49,active,2024-11-05,,2024-11-05 17:01:35,2024-11-11 16:39:34
sub_000301,pat_000514,plus,99,cancelled,2024-11-05,2024-12-25,2024-11-05 12:42:01,2024-12-25 13:35:48
sub_000302,pat_000515,basic,49,cancelled,2024-11-05,2024-11-17,2024-11-05 08:47:12,2024-11-17 08:17:16
sub_000303,pat_000516,plus,99,cancelled,2024-11-06,2024-11-15,2024-11-06 13:23:48,2024-11-15 11:15:51
sub_000304,pat_000517,plus,99,cancelled,2024-11-06,2024-12-05,2024-11-06 10:50:44,2024-12-05 16:44:57
sub_000305,pat_000519,premium,199,cancelled,2024-11-06,2024-12-15,2024-11-06 08:31:44,2024-12-15 10:34:24
sub_000306,pat_000520,plus,99,active,2024-11-06,,2024-11-06 14:18:58,2024-11-06 14:18:58
sub_000307,pat_000521,basic,49,active,2024-11-06,,2024-11-06 16:24:56,2024-11-06 16:24:56
sub_000308,pat_000523,premium,199,cancelled,2024-11-06,2024-11-30,2024-11-06 13:04:14,2024-11-30 08:33:20
sub_000309,pat_000525,plus,99,active,2024-11-06,,2024-11-06 14:50:36,2024-11-28 18:31:42
sub_000310,pat_000527,premium,199,active,2024-11-06,,2024-11-06 14:12:03,2024-11-06 14:12:03
sub_000311,pat_000529,plus,99,active,2024-11-06,,2024-11-06 09:21:09,2024-11-06 09:21:09
sub_000312,pat_000532,plus,99,cancelled,2024-11-07,2024-11-25,2024-11-07 11:23:02,2024-11-25 09:37:12
sub_000313,pat_000538,premium,199,active,2024-11-07,,2024-11-07 17:10:56,2024-11-10 08:58:36
sub_000314,pat_000539,basic,49,active,2024-11-07,,2024-11-07 16:02:00,2024-11-07 16:02:00
sub_000315,pat_000540,basic,49,cancelled,2024-11-07,2024-11-29,2024-11-07 17:09:05,2024-11-29 11:58:45
sub_000316,pat_000541,premium,199,active,2024-11-07,,2024-11-07 16:46:23,2024-12-11 13:54:27
sub_000317,pat_000544,premium,199,active,2024-11-08,,2024-11-08 16:25:06,2024-12-11 19:34:35
sub_000318,pat_000548,basic,49,cancelled,2024-11-08,2024-12-02,2024-11-08 11:00:22,2024-12-02 11:28:50
sub_000319,pat_000549,plus,99,cancelled,2024-11-08,2024-12-21,2024-11-08 19:05:28,2024-12-21 15:12:35
sub_000320,pat_000553,basic,49,cancelled,2024-11-09,2024-12-19,2024-11-09 16:56:08,2024-12-19 15:27:29
sub_000321,pat_000554,premium,199,active,2024-11-09,,2024-11-09 18:21:25,2024-11-17 08:03:49
sub_000322,pat_000555,basic,49,active,2024-11-09,,2024-11-09 17:02:27,2024-11-09 17:02:27
sub_000323,pat_000557,basic,49,active,2024-11-09,,2024-11-09 10:24:50,2024-11-09 10:24:50
sub_000324,pat_000559,plus,99,active,2024-11-09,,2024-11-09 15:59:55,2024-11-09 15:59:55
sub_000325,pat_000562,premium,199,active,2024-11-10,,2024-11-10 18:14:22,2024-12-24 08:47:56
sub_000326,pat_000564,premium,199,active,2024-11-10,,2024-11-10 15:10:37,2024-12-01 16:42:58
sub_000327,pat_000566,plus,99,active,2024-11-10,,2024-11-10 13:14:27,2024-12-15 14:03:09
sub_000328,pat_000569,premium,199,active,2024-11-10,,2024-11-10 17:34:24,2024-11-10 17:34:24
sub_000329,pat_000572,plus,99,cancelled,2024-11-10,2024-12-13,2024-11-10 14:34:41,2024-12-13 12:04:15
sub_000330,pat_000573,plus,99,active,2024-11-10,,2024-11-10 14:47:32,2024-11-22 12:06:06
sub_000331,pat_000575,plus,99,cancelled,2024-11-10,2024-12-27,2024-11-10 18:01:37,2024-12-27 10:48:45
sub_000332,pat_000578,premium,199,cancelled,2024-11-11,2024-12-17,2024-11-11 17:48:10,2024-12-17 11:33:46
sub_000333,pat_000579,plus,99,cancelled,2024-11-11,2024-12-24,2024-11-11 14:28:49,2024-12-24 18:19:14
sub_000334,pat_000581,plus,99,active,2024-11-11,,2024-11-11 14:53:20,2024-11-11 14:53:20
sub_000335,pat_000583,plus,99,active,2024-11-11,,2024-11-11 18:32:45,2024-11-17 18:11:35
sub_000336,pat_000586,plus,99,active,2024-11-11,,2024-11-11 12:27:28,2024-11-11 12:27:28
sub_000337,pat_000589,basic,49,active,2024-11-11,,2024-11-11 08:13:46,2024-11-11 08:13:46
sub_000338,pat_000590,basic,49,active,2024-11-11,,2024-11-11 15:56:56,2024-11-11 15:56:56
sub_000339,pat_000591,plus,99,active,2024-11-12,,2024-11-12 14:15:25,2024-11-12 14:15:25
sub_000340,pat_000592,plus,99,active,2024-11-12,,2024-11-12 09:35:54,2024-11-12 09:35:54
sub_000341,pat_000594,basic,49,cancelled,2024-11-12,2024-11-20,2024-11-12 12:21:02,2024-11-20 12:05:07
sub_000342,pat_000595,basic,49,active,2024-11-12,,2024-11-12 10:42:18,2024-11-12 10:42:18
sub_000343,pat_000596,plus,99,active,2024-11-12,,2024-11-12 17:14:17,2024-11-12 17:14:17
sub_000344,pat_000597,basic,49,active,2024-11-12,,2024-11-12 08:04:43,2024-11-12 08:04:43
sub_000345,pat_000598,basic,49,cancelled,2024-11-12,2024-12-18,2024-11-12 16:29:45,2024-12-18 18:56:25
sub_000346,pat_000599,plus,99,active,2024-11-12,,2024-11-12 08:02:02,2024-11-12 08:02:02
sub_000347,pat_000600,premium,199,active,2024-11-12,,2024-11-12 14:56:05,2024-11-12 14:56:05
sub_000348,pat_000602,premium,199,active,2024-11-12,,2024-11-12 12:28:59,2024-11-27 12:18:01
sub_000349,pat_000603,plus,99,cancelled,2024-11-12,2024-12-17,2024-11-12 11:39:24,2024-12-17 19:59:39
sub_000350,pat_000606,premium,199,active,2024-11-13,,2024-11-13 19:03:17,2024-12-02 10:13:22
sub_000351,pat_000608,basic,49,cancelled,2024-11-13,2024-11-19,2024-11-13 09:05:21,2024-11-19 19:29:34
sub_000352,pat_000609,plus,99,active,2024-11-13,,2024-11-13 09:56:40,2024-11-13 09:56:40
sub_000353,pat_000610,premium,199,cancelled,2024-11-13,2024-12-05,2024-11-13 15:58:12,2024-12-05 16:17:20
sub_000354,pat_000613,premium,199,cancelled,2024-11-13,2024-11-17,2024-11-13 08:48:56,2024-11-17 13:22:52
sub_000355,pat_000614,plus,99,cancelled,2024-11-13,2024-12-05,2024-11-13 09:00:32,2024-12-05 11:24:36
sub_000356,pat_000615,plus,99,active,2024-11-13,,2024-11-13 09:20:02,2024-12-20 12:36:01
sub_000357,pat_000616,basic,49,cancelled,2024-11-13,2024-11-19,2024-11-13 16:01:06,2024-11-19 19:49:29
sub_000358,pat_000618,premium,199,active,2024-11-13,,2024-11-13 11:08:35,2024-11-29 13:12:10
sub_000359,pat_000619,premium,199,active,2024-11-13,,2024-11-13 15:35:20,2024-12-26 15:57:12
sub_000360,pat_000622,premium,199,active,2024-11-14,,2024-11-14 14:22:10,2024-12-30 15:55:47
sub_000361,pat_000626,basic,49,active,2024-11-14,,2024-11-14 18:41:20,2024-11-26 14:21:57
sub_000362,pat_000627,plus,99,cancelled,2024-11-14,2024-12-11,2024-11-14 19:49:24,2024-12-11 09:44:29
sub_000363,pat_000628,plus,99,active,2024-11-14,,2024-11-14 16:49:13,2024-11-14 16:49:13
sub_000364,pat_000631,basic,49,cancelled,2024-11-14,2024-11-15,2024-11-14 12:45:12,2024-11-15 09:53:13
sub_000365,pat_000634,basic,49,cancelled,2024-11-14,2024-12-27,2024-11-14 12:45:20,2024-12-27 18:40:51
sub_000366,pat_000636,basic,49,active,2024-11-15,,2024-11-15 10:28:51,2024-11-15 10:28:51
sub_000367,pat_000637,plus,99,active,2024-11-15,,2024-11-15 14:56:30,2024-11-15 14:56:30
sub_000368,pat_000638,basic,49,active,2024-11-15,,2024-11-15 10:04:36,2024-11-15 10:04:36
sub_000369,pat_000641,basic,49,active,2024-11-15,,2024-11-15 16:11:50,2024-11-15 16:11:50
sub_000370,pat_000644,plus,99,cancelled,2024-11-16,2024-12-16,2024-11-16 15:32:17,2024-12-16 11:42:59
sub_000371,pat_000645,premium,199,active,2024-11-16,,2024-11-16 19:55:16,2024-12-23 13:44:00
sub_000372,pat_000646,basic,49,active,2024-11-16,,2024-11-16 13:35:49,2024-11-16 13:35:49
sub_000373,pat_000647,plus,99,cancelled,2024-11-16,2024-12-07,2024-11-16 12:36:13,2024-12-07 10:46:14
sub_000374,pat_000649,basic,49,active,2024-11-16,,2024-11-16 19:22:37,2024-11-16 19:22:37
sub_000375,pat_000650,plus,99,active,2024-11-16,,2024-11-16 15:59:26,2024-11-16 15:59:26
sub_000376,pat_000651,basic,49,cancelled,2024-11-16,2024-12-01,2024-11-16 15:49:57,2024-12-01 15:09:19
sub_000377,pat_000653,plus,99,active,2024-11-16,,2024-11-16 19:29:36,2024-11-16 19:29:36
sub_000378,pat_000654,basic,49,cancelled,2024-11-16,2024-11-24,2024-11-16 17:56:40,2024-11-24 19:40:57
sub_000379,pat_000655,basic,49,active,2024-11-16,,2024-11-16 16:50:19,2024-11-16 16:50:19
sub_000380,pat_000656,plus,99,active,2024-11-16,,2024-11-16 19:56:40,2024-11-16 19:56:40
sub_000381,pat_000658,plus,99,cancelled,2024-11-16,2024-12-18,2024-11-16 08:09:09,2024-12-18 12:38:12
sub_000382,pat_000662,premium,199,cancelled,2024-11-17,2024-12-26,2024-11-17 13:18:23,2024-12-26 13:35:45
sub_000383,pat_000664,basic,49,cancelled,2024-11-17,2024-12-01,2024-11-17 13:11:09,2024-12-01 19:23:34
sub_000384,pat_000665,basic,49,cancelled,2024-11-17,2024-12-14,2024-11-17 13:31:46,2024-12-14 09:16:41
sub_000385,pat_000666,plus,99,cancelled,2024-11-17,2024-12-11,2024-11-17 10:26:14,2024-12-11 09:27:27
sub_000386,pat_000667,plus,99,cancelled,2024-11-17,2024-11-21,2024-11-17 11:18:36,2024-11-21 17:46:52
sub_000387,pat_000668,plus,99,active,2024-11-17,,2024-11-17 14:35:56,2024-11-17 14:35:56
sub_000388,pat_000671,plus,99,cancelled,2024-11-18,2024-12-05,2024-11-18 15:24:41,2024-12-05 15:33:15
sub_000389,pat_000672,premium,199,active,2024-11-18,,2024-11-18 17:44:17,2024-11-29 19:05:47
sub_000390,pat_000673,basic,49,active,2024-11-18,,2024-11-18 17:18:02,2024-11-18 17:18:02
sub_000391,pat_000676,basic,49,active,2024-11-18,,2024-11-18 09:24:36,2024-11-18 09:24:36
sub_000392,pat_000677,plus,99,active,2024-11-18,,2024-11-18 16:13:48,2024-11-18 16:13:48
sub_000393,pat_000679,basic,49,active,2024-11-18,,2024-11-18 19:05:36,2024-11-18 19:05:36
sub_000394,pat_000680,basic,49,active,2024-11-18,,2024-11-18 08:04:44,2024-11-18 08:04:44
sub_000395,pat_000681,basic,49,cancelled,2024-11-18,2024-11-26,2024-11-18 10:56:46,2024-11-26 09:07:54
sub_000396,pat_000684,plus,99,active,2024-11-18,,2024-11-18 19:23:16,2024-11-18 19:23:16
sub_000397,pat_000685,basic,49,cancelled,2024-11-18,2024-12-21,2024-11-18 08:22:46,2024-12-21 10:03:07
sub_000398,pat_000687,premium,199,active,2024-11-19,,2024-11-19 15:28:16,2024-12-14 19:18:22
sub_000399,pat_000688,plus,99,active,2024-11-19,,2024-11-19 19:39:08,2024-11-19 19:39:08
sub_000400,pat_000690,plus,99,cancelled,2024-11-19,2024-12-12,2024-11-19 19:41:43,2024-12-12 14:58:41
sub_000401,pat_000692,plus,99,cancelled,2024-11-19,2024-12-08,2024-11-19 17:30:29,2024-12-08 12:03:02
sub_000402,pat_000694,premium,199,cancelled,2024-11-19,2024-12-24,2024-11-19 18:07:49,2024-12-24 16:42:37
sub_000403,pat_000695,basic,49,cancelled,2024-11-19,2024-12-24,2024-11-19 12:50:29,2024-12-24 18:31:27
sub_000404,pat_000696,plus,99,cancelled,2024-11-19,2024-12-19,2024-11-19 09:12:40,2024-12-19 12:26:49
sub_000405,pat_000698,plus,99,active,2024-11-19,,2024-11-19 14:22:27,2024-12-20 09:55:49
sub_000406,pat_000700,plus,99,cancelled,2024-11-19,2024-12-02,2024-11-19 12:17:00,2024-12-02 11:44:42
sub_000407,pat_000701,basic,49,active,2024-11-19,,2024-11-19 12:35:41,2024-11-19 12:35:41
sub_000408,pat_000702,premium,199,active,2024-11-20,,2024-11-20 13:54:53,2024-12-11 11:21:48
sub_000409,pat_000704,basic,49,cancelled,2024-11-20,2024-12-29,2024-11-20 16:26:18,2024-12-29 12:59:54
sub_000410,pat_000705,basic,49,active,2024-11-20,,2024-11-20 13:16:45,2024-11-20 13:16:45
sub_000411,pat_000706,basic,49,active,2024-11-20,,2024-11-20 08:59:41,2024-12-22 18:14:05
sub_000412,pat_000707,plus,99,cancelled,2024-11-20,2024-12-07,2024-11-20 16:20:43,2024-12-07 10:09:18
sub_000413,pat_000708,basic,49,cancelled,2024-11-20,2024-12-28,2024-11-20 12:08:58,2024-12-28 16:58:12
sub_000414,pat_000709,basic,49,cancelled,2024-11-20,2024-11-22,2024-11-20 14:05:51,2024-11-22 08:58:28
sub_000415,pat_000710,premium,199,active,2024-11-20,,2024-11-20 13:55:39,2024-11-20 13:55:39
sub_000416,pat_000712,premium,199,active,2024-11-20,,2024-11-20 19:55:18,2024-11-20 19:55:18
sub_000417,pat_000713,premium,199,cancelled,2024-11-20,2024-12-03,2024-11-20 13:34:07,2024-12-03 10:19:22
sub_000418,pat_000715,plus,99,cancelled,2024-11-20,2024-11-22,2024-11-20 16:17:32,2024-11-22 19:56:59
sub_000419,pat_000720,plus,99,active,2024-11-21,,2024-11-21 17:03:31,2024-11-21 17:03:31
sub_000420,pat_000721,premium,199,active,2024-11-21,,2024-11-21 13:56:41,2024-11-21 13:56:41
sub_000421,pat_000725,basic,49,active,2024-11-21,,2024-11-21 12:53:44,2024-11-21 12:53:44
sub_000422,pat_000726,basic,49,active,2024-11-21,,2024-11-21 15:51:06,2024-11-21 15:51:06
sub_000423,pat_000727,plus,99,cancelled,2024-11-21,2024-12-24,2024-11-21 09:23:26,2024-12-24 14:25:42
sub_000424,pat_000728,basic,49,active,2024-11-21,,2024-11-21 08:25:02,2024-11-21 08:25:02
sub_000425,pat_000729,basic,49,cancelled,2024-11-21,2024-12-13,2024-11-21 15:09:20,2024-12-13 10:08:09
sub_000426,pat_000730,premium,199,active,2024-11-22,,2024-11-22 15:53:37,2024-11-22 15:53:37
sub_000427,pat_000731,premium,199,active,2024-11-22,,2024-11-22 12:18:47,2024-12-16 16:14:50
sub_000428,pat_000733,plus,99,active,2024-11-22,,2024-11-22 08:15:35,2024-12-29 12:18:30
sub_000429,pat_000734,basic,49,cancelled,2024-11-22,2024-12-31,2024-11-22 14:07:19,2024-12-31 11:25:40
sub_000430,pat_000735,basic,49,active,2024-11-22,,2024-11-22 17:13:52,2024-11-22 17:13:52
sub_000431,pat_000736,plus,99,active,2024-11-22,,2024-11-22 14:38:25,2024-12-28 18:35:53
sub_000432,pat_000737,basic,49,active,2024-11-22,,2024-11-22 10:06:33,2024-11-22 10:06:33
sub_000433,pat_000738,basic,49,active,2024-11-22,,2024-11-22 15:31:06,2024-11-22 15:31:06
sub_000434,pat_000740,premium,199,active,2024-11-22,,2024-11-22 17:00:15,2024-12-06 10:52:57
sub_000435,pat_000743,plus,99,active,2024-11-22,,2024-11-22 14:28:44,2024-11-22 14:28:44
sub_000436,pat_000744,basic,49,active,2024-11-22,,2024-11-22 19:15:03,2024-11-22 19:15:03
sub_000437,pat_000745,premium,199,active,2024-11-22,,2024-11-22 15:32:36,2024-11-25 13:49:40
sub_000438,pat_000748,basic,49,active,2024-11-23,,2024-11-23 17:47:01,2024-11-23 17:47:01
sub_000439,pat_000749,plus,99,active,2024-11-23,,2024-11-23 11:10:05,2024-11-27 17:31:05
sub_000440,pat_000754,premium,199,active,2024-11-23,,2024-11-23 19:55:26,2024-12-13 10:06:39
sub_000441,pat_000756,plus,99,active,2024-11-24,,2024-11-24 13:23:03,2024-11-24 13:23:03
sub_000442,pat_000759,plus,99,cancelled,2024-11-24,2024-12-07,2024-11-24 19:18:02,2024-12-07 19:13:25
sub_000443,pat_000760,basic,49,active,2024-11-24,,2024-11-24 18:10:13,2024-11-24 18:10:13
sub_000444,pat_000764,premium,199,cancelled,2024-11-24,2024-11-28,2024-11-24 19:02:23,2024-11-28 19:05:05
sub_000445,pat_000765,basic,49,cancelled,2024-11-24,2024-12-11,2024-11-24 18:14:47,2024-12-11 19:13:50
sub_000446,pat_000766,plus,99,active,2024-11-24,,2024-11-24 18:20:11,2024-11-24 18:20:11
sub_000447,pat_000767,plus,99,active,2024-11-24,,2024-11-24 19:39:52,2024-11-24 19:39:52
sub_000448,pat_000769,basic,49,active,2024-11-25,,2024-11-25 08:31:09,2024-11-25 08:31:09
sub_000449,pat_000773,plus,99,active,2024-11-25,,2024-11-25 09:37:13,2024-11-25 09:37:13
sub_000450,pat_000774,basic,49,cancelled,2024-11-25,2024-12-20,2024-11-25 12:43:43,2024-12-20 15:23:36
sub_000451,pat_000775,plus,99,active,2024-11-25,,2024-11-25 19:20:07,2024-11-25 19:20:07
sub_000452,pat_000776,basic,49,cancelled,2024-11-25,2024-12-27,2024-11-25 08:03:33,2024-12-27 10:36:50
sub_000453,pat_000777,plus,99,active,2024-11-25,,2024-11-25 11:54:16,2024-11-25 11:54:16
sub_000454,pat_000780,plus,99,active,2024-11-25,,2024-11-25 18:51:19,2024-11-25 18:51:19
sub_000455,pat_000782,basic,49,active,2024-11-25,,2024-11-25 18:01:14,2024-11-25 18:01:14
sub_000456,pat_000787,premium,199,active,2024-11-26,,2024-11-26 19:23:34,2024-11-26 19:23:34
sub_000457,pat_000788,plus,99,active,2024-11-26,,2024-11-26 14:57:30,2024-12-12 13:07:58
sub_000458,pat_000791,basic,49,active,2024-11-26,,2024-11-26 12:55:58,2024-11-26 12:55:58
sub_000459,pat_000793,plus,99,active,2024-11-26,,2024-11-26 18:11:06,2024-11-26 18:11:06
sub_000460,pat_000794,plus,99,active,2024-11-26,,2024-11-26 12:58:59,2024-11-26 12:58:59
sub_000461,pat_000795,basic,49,active,2024-11-26,,2024-11-26 14:57:15,2024-12-25 09:15:25
sub_000462,pat_000796,basic,49,cancelled,2024-11-26,2024-12-21,2024-11-26 10:03:44,2024-12-21 16:12:03
sub_000463,pat_000797,plus,99,active,2024-11-26,,2024-11-26 15:49:51,2024-11-26 15:49:51
sub_000464,pat_000799,plus,99,cancelled,2024-11-26,2024-12-26,2024-11-26 10:53:47,2024-12-26 10:52:21
sub_000465,pat_000800,basic,49,active,2024-11-26,,2024-11-26 19:02:22,2024-11-26 19:02:22
sub_000466,pat_000801,plus,99,active,2024-11-26,,2024-11-26 08:10:50,2024-11-26 08:10:50
sub_000467,pat_000805,plus,99,cancelled,2024-11-27,2024-12-03,2024-11-27 10:21:14,2024-12-03 14:45:13
sub_000468,pat_000806,basic,49,active,2024-11-27,,2024-11-27 11:11:47,2024-11-27 11:11:47
sub_000469,pat_000807,plus,99,cancelled,2024-11-27,2024-11-28,2024-11-27 16:55:05,2024-11-28 17:58:07
sub_000470,pat_000809,premium,199,active,2024-11-27,,2024-11-27 16:30:56,2024-11-27 16:30:56
sub_000471,pat_000810,basic,49,active,2024-11-27,,2024-11-27 14:31:11,2024-11-27 14:31:11
sub_000472,pat_000812,plus,99,active,2024-11-27,,2024-11-27 15:45:23,2024-11-27 15:45:23
sub_000473,pat_000814,plus,99,active,2024-11-27,,2024-11-27 11:16:06,2024-12-31 10:52:14
sub_000474,pat_000815,plus,99,active,2024-11-27,,2024-11-27 14:14:28,2024-12-04 16:33:04
sub_000475,pat_000821,basic,49,active,2024-11-27,,2024-11-27 09:54:12,2024-11-27 09:54:12
sub_000476,pat_000823,plus,99,cancelled,2024-11-27,2024-12-11,2024-11-27 17:33:42,2024-12-11 17:28:34
sub_000477,pat_000826,basic,49,active,2024-11-28,,2024-11-28 08:56:00,2024-11-28 08:56:00
sub_000478,pat_000827,premium,199,active,2024-11-28,,2024-11-28 12:02:49,2024-12-23 18:07:50
sub_000479,pat_000828,basic,49,active,2024-11-28,,2024-11-28 12:02:54,2024-11-28 12:02:54
sub_000480,pat_000830,basic,49,cancelled,2024-11-28,2024-12-13,2024-11-28 12:28:05,2024-12-13 13:36:23
sub_000481,pat_000831,basic,49,cancelled,2024-11-28,2024-12-18,2024-11-28 08:47:06,2024-12-18 12:30:39
sub_000482,pat_000832,basic,49,active,2024-11-28,,2024-11-28 13:12:47,2024-11-28 13:12:47
sub_000483,pat_000834,basic,49,active,2024-11-28,,2024-11-28 18:23:53,2024-11-28 18:23:53
sub_000484,pat_000837,plus,99,active,2024-11-29,,2024-11-29 10:00:51,2024-11-29 10:00:51
sub_000485,pat_000838,premium,199,active,2024-11-29,,2024-11-29 12:33:17,2024-11-30 11:27:51
sub_000486,pat_000840,basic,49,active,2024-11-29,,2024-11-29 11:38:20,2024-11-29 11:38:20
sub_000487,pat_000843,basic,49,active,2024-11-29,,2024-11-29 09:30:07,2024-11-29 09:30:07
sub_000488,pat_000844,plus,99,active,2024-11-30,,2024-11-30 19:14:01,2024-11-30 19:14:01
sub_000489,pat_000846,basic,49,cancelled,2024-11-30,2024-12-25,2024-11-30 15:26:51,2024-12-25 11:06:39
sub_000490,pat_000848,plus,99,cancelled,2024-11-30,2024-12-01,2024-11-30 09:54:46,2024-12-01 09:39:38
sub_000491,pat_000850,premium,199,active,2024-11-30,,2024-11-30 09:47:08,2024-12-21 10:47:21
sub_000492,pat_000851,premium,199,active,2024-11-30,,2024-11-30 13:07:18,2024-11-30 13:07:18
sub_000493,pat_000852,basic,49,active,2024-11-30,,2024-11-30 11:51:23,2024-11-30 11:51:23
sub_000494,pat_000856,plus,99,cancelled,2024-12-01,2024-12-14,2024-12-01 19:53:11,2024-12-14 17:02:41
sub_000495,pat_000857,plus,99,active,2024-12-01,,2024-12-01 08:47:19,2024-12-01 08:47:19
sub_000496,pat_000860,plus,99,active,2024-12-01,,2024-12-01 19:20:12,2024-12-01 19:20:12
sub_000497,pat_000862,basic,49,cancelled,2024-12-01,2024-12-18,2024-12-01 15:07:41,2024-12-18 17:16:00
sub_000498,pat_000864,premium,199,active,2024-12-01,,2024-12-01 19:16:38,2024-12-22 19:11:35
sub_000499,pat_000871,plus,99,active,2024-12-01,,2024-12-01 09:30:37,2024-12-01 09:30:37
sub_000500,pat_000872,basic,49,active,2024-12-01,,2024-12-01 12:16:54,2024-12-01 12:16:54
sub_000501,pat_000873,basic,49,active,2024-12-02,,2024-12-02 09:18:55,2024-12-02 09:18:55
sub_000502,pat_000874,plus,99,active,2024-12-02,,2024-12-02 11:11:36,2024-12-25 09:35:26
sub_000503,pat_000876,plus,99,active,2024-12-02,,2024-12-02 11:33:45,2024-12-02 11:33:45
sub_000504,pat_000877,basic,49,active,2024-12-02,,2024-12-02 15:53:31,2024-12-02 15:53:31
sub_000505,pat_000878,plus,99,active,2024-12-02,,2024-12-02 18:03:39,2024-12-02 18:03:39
sub_000506,pat_000880,basic,49,cancelled,2024-12-02,2024-12-08,2024-12-02 11:17:09,2024-12-08 19:21:59
sub_000507,pat_000881,plus,99,active,2024-12-02,,2024-12-02 17:39:39,2024-12-09 16:46:53
sub_000508,pat_000882,premium,199,cancelled,2024-12-02,2024-12-21,2024-12-02 13:32:03,2024-12-21 19:07:52
sub_000509,pat_000883,basic,49,cancelled,2024-12-02,2024-12-29,2024-12-02 09:47:34,2024-12-29 08:00:51
sub_000510,pat_000886,plus,99,active,2024-12-02,,2024-12-02 13:26:29,2024-12-31 16:48:06
sub_000511,pat_000887,plus,99,active,2024-12-02,,2024-12-02 09:27:54,2024-12-02 09:27:54
sub_000512,pat_000888,basic,49,active,2024-12-02,,2024-12-02 09:42:31,2024-12-02 09:42:31
sub_000513,pat_000889,basic,49,active,2024-12-02,,2024-12-02 19:28:16,2024-12-02 19:28:16
sub_000514,pat_000891,premium,199,active,2024-12-02,,2024-12-02 08:06:03,2024-12-12 14:10:25
sub_000515,pat_000892,plus,99,active,2024-12-02,,2024-12-02 14:49:02,2024-12-02 14:49:02
sub_000516,pat_000894,plus,99,active,2024-12-03,,2024-12-03 08:51:18,2024-12-03 08:51:18
sub_000517,pat_000895,plus,99,cancelled,2024-12-03,2024-12-10,2024-12-03 15:23:58,2024-12-10 11:32:05
sub_000518,pat_000897,basic,49,active,2024-12-03,,2024-12-03 13:54:32,2024-12-03 13:54:32
sub_000519,pat_000898,basic,49,active,2024-12-03,,2024-12-03 10:18:08,2024-12-03 10:18:08
sub_000520,pat_000900,plus,99,active,2024-12-03,,2024-12-03 16:01:20,2024-12-07 09:10:45
sub_000521,pat_000901,premium,199,active,2024-12-03,,2024-12-03 10:23:55,2024-12-03 10:23:55
sub_000522,pat_000903,plus,99,active,2024-12-03,,2024-12-03 18:28:24,2024-12-03 18:28:24
sub_000523,pat_000904,plus,99,cancelled,2024-12-03,2024-12-22,2024-12-03 16:38:21,2024-12-22 08:53:20
sub_000524,pat_000908,premium,199,cancelled,2024-12-03,2024-12-19,2024-12-03 12:08:09,2024-12-19 14:55:00
sub_000525,pat_000909,plus,99,active,2024-12-03,,2024-12-03 19:22:44,2024-12-03 19:22:44
sub_000526,pat_000910,plus,99,active,2024-12-04,,2024-12-04 09:15:35,2024-12-04 09:15:35
sub_000527,pat_000912,plus,99,cancelled,2024-12-04,2024-12-21,2024-12-04 08:28:00,2024-12-21 19:47:57
sub_000528,pat_000913,basic,49,cancelled,2024-12-04,2024-12-20,2024-12-04 19:03:26,2024-12-20 09:16:57
sub_000529,pat_000914,plus,99,active,2024-12-04,,2024-12-04 16:32:54,2024-12-04 16:32:54
sub_000530,pat_000915,basic,49,active,2024-12-04,,2024-12-04 17:47:39,2024-12-04 17:47:39
sub_000531,pat_000916,plus,99,active,2024-12-04,,2024-12-04 10:06:33,2024-12-04 10:06:33
sub_000532,pat_000917,basic,49,cancelled,2024-12-04,2024-12-06,2024-12-04 19:14:50,2024-12-06 10:46:18
sub_000533,pat_000918,basic,49,cancelled,2024-12-04,2024-12-05,2024-12-04 15:12:33,2024-12-05 15:48:52
sub_000534,pat_000922,basic,49,active,2024-12-04,,2024-12-04 14:24:33,2024-12-29 19:34:53
sub_000535,pat_000924,basic,49,cancelled,2024-12-04,2024-12-13,2024-12-04 17:10:44,2024-12-13 11:33:10
sub_000536,pat_000926,plus,99,active,2024-12-04,,2024-12-04 15:44:58,2024-12-04 15:44:58
sub_000537,pat_000927,premium,199,active,2024-12-05,,2024-12-05 09:57:27,2024-12-05 09:57:27
sub_000538,pat_000930,premium,199,active,2024-12-05,,2024-12-05 14:33:45,2024-12-05 14:33:45
sub_000539,pat_000931,plus,99,cancelled,2024-12-05,2024-12-24,2024-12-05 15:37:40,2024-12-24 12:45:59
sub_000540,pat_000934,basic,49,active,2024-12-05,,2024-12-05 14:56:46,2024-12-05 14:56:46
sub_000541,pat_000941,basic,49,cancelled,2024-12-06,2024-12-11,2024-12-06 19:30:58,2024-12-11 15:09:58
sub_000542,pat_000942,basic,49,active,2024-12-06,,2024-12-06 10:26:17,2024-12-06 10:26:17
sub_000543,pat_000944,basic,49,active,2024-12-06,,2024-12-06 17:30:00,2024-12-08 17:38:08
sub_000544,pat_000945,plus,99,cancelled,2024-12-06,2024-12-18,2024-12-06 16:50:53,2024-12-18 12:46:44
sub_000545,pat_000946,premium,199,active,2024-12-06,,2024-12-06 12:24:13,2024-12-06 12:24:13
sub_000546,pat_000947,plus,99,active,2024-12-06,,2024-12-06 09:30:13,2024-12-28 08:53:12
sub_000547,pat_000948,plus,99,active,2024-12-06,,2024-12-06 17:49:41,2024-12-06 17:49:41
sub_000548,pat_000949,plus,99,active,2024-12-06,,2024-12-06 15:29:02,2024-12-08 10:18:26
sub_000549,pat_000950,basic,49,active,2024-12-07,,2024-12-07 16:51:48,2024-12-07 16:51:48
sub_000550,pat_000951,basic,49,active,2024-12-07,,2024-12-07 08:13:03,2024-12-07 08:13:03
sub_000551,pat_000952,basic,49,active,2024-12-07,,2024-12-07 10:56:42,2024-12-07 10:56:42
sub_000552,pat_000954,plus,99,active,2024-12-07,,2024-12-07 10:13:04,2024-12-07 10:13:04
sub_000553,pat_000957,basic,49,active,2024-12-07,,2024-12-07 09:39:55,2024-12-07 09:39:55
sub_000554,pat_000958,basic,49,active,2024-12-07,,2024-12-07 16:05:35,2024-12-07 16:05:35
sub_000555,pat_000959,basic,49,active,2024-12-08,,2024-12-08 13:35:25,2024-12-08 13:35:25
sub_000556,pat_000961,premium,199,cancelled,2024-12-08,2024-12-24,2024-12-08 19:33:13,2024-12-24 15:33:41
sub_000557,pat_000963,basic,49,active,2024-12-08,,2024-12-08 15:12:32,2024-12-26 09:37:35
sub_000558,pat_000964,basic,49,active,2024-12-08,,2024-12-08 17:48:37,2024-12-08 17:48:37
sub_000559,pat_000965,basic,49,active,2024-12-08,,2024-12-08 09:26:00,2024-12-08 09:26:00
sub_000560,pat_000966,plus,99,active,2024-12-08,,2024-12-08 10:41:19,2024-12-08 10:41:19
sub_000561,pat_000967,basic,49,active,2024-12-08,,2024-12-08 08:24:20,2024-12-08 08:24:20
sub_000562,pat_000970,basic,49,cancelled,2024-12-09,2024-12-14,2024-12-09 19:45:44,2024-12-14 10:48:07
sub_000563,pat_000973,plus,99,active,2024-12-09,,2024-12-09 18:56:50,2024-12-09 18:56:50
sub_000564,pat_000974,basic,49,active,2024-12-09,,2024-12-09 13:25:05,2024-12-09 13:25:05
sub_000565,pat_000977,plus,99,active,2024-12-09,,2024-12-09 14:54:53,2024-12-09 14:54:53
sub_000566,pat_000978,basic,49,active,2024-12-09,,2024-12-09 19:24:07,2024-12-09 19:24:07
sub_000567,pat_000980,plus,99,active,2024-12-09,,2024-12-09 16:53:21,2024-12-09 16:53:21
sub_000568,pat_000982,premium,199,active,2024-12-09,,2024-12-09 17:47:52,2024-12-09 17:47:52
sub_000569,pat_000983,plus,99,active,2024-12-09,,2024-12-09 16:03:14,2024-12-09 16:03:14
sub_000570,pat_000985,plus,99,active,2024-12-09,,2024-12-09 14:51:20,2024-12-25 11:30:50
sub_000571,pat_000986,plus,99,active,2024-12-09,,2024-12-09 10:51:35,2024-12-09 10:51:35
sub_000572,pat_000991,basic,49,active,2024-12-10,,2024-12-10 11:48:45,2024-12-10 11:48:45
sub_000573,pat_000993,plus,99,cancelled,2024-12-10,2024-12-17,2024-12-10 14:34:01,2024-12-17 15:00:03
sub_000574,pat_000994,plus,99,active,2024-12-10,,2024-12-10 09:45:04,2024-12-10 09:45:04
sub_000575,pat_000995,basic,49,active,2024-12-10,,2024-12-10 11:03:27,2024-12-24 12:32:07
sub_000576,pat_000996,basic,49,active,2024-12-10,,2024-12-10 12:36:04,2024-12-10 12:36:04
sub_000577,pat_000997,basic,49,cancelled,2024-12-10,2024-12-13,2024-12-10 13:49:00,2024-12-13 14:34:51
sub_000578,pat_000999,premium,199,active,2024-12-10,,2024-12-10 15:17:19,2024-12-10 15:17:19
sub_000579,pat_001000,plus,99,active,2024-12-10,,2024-12-10 11:14:16,2024-12-10 11:14:16
sub_000580,pat_001002,basic,49,active,2024-12-11,,2024-12-11 14:48:56,2024-12-11 14:48:56
sub_000581,pat_001003,basic,49,active,2024-12-11,,2024-12-11 18:17:23,2024-12-11 18:17:23
sub_000582,pat_001004,plus,99,active,2024-12-11,,2024-12-11 10:49:55,2024-12-25 19:23:04
sub_000583,pat_001005,basic,49,active,2024-12-11,,2024-12-11 14:23:53,2024-12-11 14:23:53
sub_000584,pat_001007,premium,199,active,2024-12-11,,2024-12-11 18:41:39,2024-12-11 18:41:39
sub_000585,pat_001010,plus,99,active,2024-12-11,,2024-12-11 18:29:39,2024-12-11 18:29:39
sub_000586,pat_001012,premium,199,cancelled,2024-12-12,2024-12-23,2024-12-12 11:35:04,2024-12-23 17:25:04
sub_000587,pat_001013,basic,49,active,2024-12-12,,2024-12-12 14:15:12,2024-12-12 14:15:12
sub_000588,pat_001014,basic,49,active,2024-12-12,,2024-12-12 11:48:40,2024-12-12 11:48:40
sub_000589,pat_001015,plus,99,active,2024-12-12,,2024-12-12 15:51:50,2024-12-12 15:51:50
sub_000590,pat_001016,basic,49,active,2024-12-12,,2024-12-12 13:47:04,2024-12-25 11:25:03
sub_000591,pat_001017,plus,99,cancelled,2024-12-12,2024-12-21,2024-12-12 19:07:34,2024-12-21 14:58:32
sub_000592,pat_001022,basic,49,active,2024-12-12,,2024-12-12 09:21:52,2024-12-12 09:21:52
sub_000593,pat_001023,plus,99,active,2024-12-12,,2024-12-12 09:56:14,2024-12-12 09:56:14
sub_000594,pat_001025,premium,199,active,2024-12-12,,2024-12-12 09:45:30,2024-12-27 19:31:03
sub_000595,pat_001026,premium,199,cancelled,2024-12-12,2024-12-25,2024-12-12 17:55:37,2024-12-25 11:14:19
sub_000596,pat_001027,plus,99,active,2024-12-12,,2024-12-12 10:54:51,2024-12-12 10:54:51
sub_000597,pat_001028,basic,49,active,2024-12-12,,2024-12-12 13:01:36,2024-12-12 13:01:36
sub_000598,pat_001029,plus,99,active,2024-12-12,,2024-12-12 16:23:52,2024-12-12 16:23:52
sub_000599,pat_001030,plus,99,active,2024-12-12,,2024-12-12 14:34:46,2024-12-12 14:34:46
sub_000600,pat_001031,basic,49,active,2024-12-12,,2024-12-12 09:46:15,2024-12-12 09:46:15
sub_000601,pat_001033,plus,99,active,2024-12-13,,2024-12-13 10:44:31,2024-12-13 10:44:31
sub_000602,pat_001035,plus,99,cancelled,2024-12-13,2024-12-17,2024-12-13 11:19:33,2024-12-17 09:43:57
sub_000603,pat_001036,basic,49,active,2024-12-13,,2024-12-13 14:25:04,2024-12-17 18:56:54
sub_000604,pat_001040,plus,99,active,2024-12-13,,2024-12-13 10:48:47,2024-12-13 10:48:47
sub_000605,pat_001041,basic,49,active,2024-12-13,,2024-12-13 11:08:29,2024-12-13 11:08:29
sub_000606,pat_001042,plus,99,active,2024-12-13,,2024-12-13 11:42:56,2024-12-13 11:42:56
sub_000607,pat_001043,plus,99,active,2024-12-13,,2024-12-13 16:50:21,2024-12-13 16:50:21
sub_000608,pat_001044,plus,99,active,2024-12-13,,2024-12-13 17:39:29,2024-12-13 17:39:29
sub_000609,pat_001045,basic,49,active,2024-12-13,,2024-12-13 11:09:07,2024-12-13 11:09:07
sub_000610,pat_001046,plus,99,active,2024-12-13,,2024-12-13 12:50:20,2024-12-13 12:50:20
sub_000611,pat_001047,basic,49,active,2024-12-13,,2024-12-13 10:54:09,2024-12-13 10:54:09
sub_000612,pat_001048,premium,199,cancelled,2024-12-13,2024-12-27,2024-12-13 15:23:21,2024-12-27 09:35:36
sub_000613,pat_001050,basic,49,active,2024-12-13,,2024-12-13 12:04:15,2024-12-13 12:04:15
sub_000614,pat_001051,premium,199,active,2024-12-13,,2024-12-13 14:57:05,2024-12-13 14:57:05
sub_000615,pat_001053,basic,49,cancelled,2024-12-14,2024-12-19,2024-12-14 15:02:40,2024-12-19 14:31:42
sub_000616,pat_001055,basic,49,active,2024-12-14,,2024-12-14 18:31:32,2024-12-14 18:31:32
sub_000617,pat_001059,basic,49,active,2024-12-14,,2024-12-14 09:30:24,2024-12-14 09:30:24
sub_000618,pat_001061,premium,199,active,2024-12-14,,2024-12-14 17:27:25,2024-12-18 11:31:34
sub_000619,pat_001063,basic,49,active,2024-12-14,,2024-12-14 17:05:06,2024-12-14 17:05:06
sub_000620,pat_001067,basic,49,active,2024-12-14,,2024-12-14 11:07:53,2024-12-14 11:07:53
sub_000621,pat_001068,basic,49,cancelled,2024-12-15,2024-12-26,2024-12-15 17:05:53,2024-12-26 19:40:58
sub_000622,pat_001069,basic,49,active,2024-12-15,,2024-12-15 09:02:42,2024-12-15 09:02:42
sub_000623,pat_001072,basic,49,cancelled,2024-12-15,2024-12-21,2024-12-15 17:55:00,2024-12-21 11:09:45
sub_000624,pat_001074,plus,99,cancelled,2024-12-15,2024-12-17,2024-12-15 10:46:50,2024-12-17 08:59:51
sub_000625,pat_001075,plus,99,cancelled,2024-12-15,2024-12-17,2024-12-15 13:42:13,2024-12-17 13:05:53
sub_000626,pat_001079,plus,99,active,2024-12-15,,2024-12-15 10:43:14,2024-12-15 10:43:14
sub_000627,pat_001081,plus,99,active,2024-12-15,,2024-12-15 11:27:47,2024-12-15 11:27:47
sub_000628,pat_001082,plus,99,active,2024-12-15,,2024-12-15 16:40:25,2024-12-15 16:40:25
sub_000629,pat_001083,premium,199,active,2024-12-15,,2024-12-15 17:47:40,2024-12-22 18:05:48
sub_000630,pat_001084,basic,49,active,2024-12-15,,2024-12-15 18:02:03,2024-12-15 18:02:03
sub_000631,pat_001086,plus,99,active,2024-12-15,,2024-12-15 14:22:57,2024-12-15 14:22:57
sub_000632,pat_001087,basic,49,cancelled,2024-12-15,2024-12-24,2024-12-15 19:17:39,2024-12-24 16:54:02
sub_000633,pat_001088,premium,199,active,2024-12-16,,2024-12-16 10:44:27,2024-12-16 10:44:27
sub_000634,pat_001090,plus,99,active,2024-12-16,,2024-12-16 15:16:52,2024-12-16 15:16:52
sub_000635,pat_001092,basic,49,active,2024-12-16,,2024-12-16 14:49:23,2024-12-16 14:49:23
sub_000636,pat_001093,basic,49,active,2024-12-16,,2024-12-16 15:43:40,2024-12-16 15:43:40
sub_000637,pat_001095,plus,99,active,2024-12-16,,2024-12-16 12:06:30,2024-12-16 12:06:30
sub_000638,pat_001096,basic,49,active,2024-12-17,,2024-12-17 18:40:32,2024-12-17 18:40:32
sub_000639,pat_001097,basic,49,active,2024-12-17,,2024-12-17 10:25:00,2024-12-17 10:25:00
sub_000640,pat_001101,basic,49,active,2024-12-17,,2024-12-17 11:07:17,2024-12-17 11:07:17
sub_000641,pat_001102,premium,199,active,2024-12-17,,2024-12-17 17:59:05,2024-12-17 17:59:05
sub_000642,pat_001103,premium,199,active,2024-12-17,,2024-12-17 18:37:27,2024-12-17 18:37:27
sub_000643,pat_001104,basic,49,active,2024-12-17,,2024-12-17 19:35:54,2024-12-17 19:35:54
sub_000644,pat_001107,plus,99,active,2024-12-17,,2024-12-17 12:31:12,2024-12-17 12:31:12
sub_000645,pat_001112,plus,99,active,2024-12-18,,2024-12-18 10:26:00,2024-12-19 13:06:36
sub_000646,pat_001113,basic,49,cancelled,2024-12-18,2024-12-26,2024-12-18 18:06:59,2024-12-26 14:02:25
sub_000647,pat_001114,plus,99,cancelled,2024-12-18,2024-12-22,2024-12-18 11:40:54,2024-12-22 15:14:26
sub_000648,pat_001115,basic,49,active,2024-12-18,,2024-12-18 17:41:10,2024-12-18 17:41:10
sub_000649,pat_001116,basic,49,active,2024-12-18,,2024-12-18 18:43:19,2024-12-18 18:43:19
sub_000650,pat_001117,basic,49,active,2024-12-18,,2024-12-18 15:08:08,2024-12-18 15:08:08
sub_000651,pat_001120,premium,199,cancelled,2024-12-18,2024-12-31,2024-12-18 19:15:36,2024-12-31 18:25:00
sub_000652,pat_001122,plus,99,active,2024-12-18,,2024-12-18 19:35:55,2024-12-18 19:35:55
sub_000653,pat_001124,plus,99,active,2024-12-18,,2024-12-18 12:44:03,2024-12-18 12:44:03
sub_000654,pat_001125,basic,49,active,2024-12-18,,2024-12-18 16:58:48,2024-12-18 16:58:48
sub_000655,pat_001127,basic,49,active,2024-12-19,,2024-12-19 18:07:47,2024-12-19 18:07:47
sub_000656,pat_001128,plus,99,active,2024-12-19,,2024-12-19 10:05:32,2024-12-19 10:05:32
sub_000657,pat_001129,basic,49,active,2024-12-19,,2024-12-19 10:10:29,2024-12-19 10:10:29
sub_000658,pat_001130,basic,49,active,2024-12-19,,2024-12-19 14:14:38,2024-12-19 14:14:38
sub_000659,pat_001131,premium,199,active,2024-12-19,,2024-12-19 15:32:14,2024-12-19 15:32:14
sub_000660,pat_001134,basic,49,active,2024-12-19,,2024-12-19 16:04:22,2024-12-19 16:04:22
sub_000661,pat_001135,premium,199,active,2024-12-19,,2024-12-19 12:08:56,2024-12-19 12:08:56
sub_000662,pat_001136,basic,49,active,2024-12-20,,2024-12-20 17:12:47,2024-12-20 17:12:47
sub_000663,pat_001138,premium,199,active,2024-12-20,,2024-12-20 17:48:36,2024-12-20 17:48:36
sub_000664,pat_001139,plus,99,active,2024-12-20,,2024-12-20 12:49:16,2024-12-20 12:49:16
sub_000665,pat_001140,basic,49,cancelled,2024-12-20,2024-12-23,2024-12-20 11:15:58,2024-12-23 17:00:09
sub_000666,pat_001141,premium,199,active,2024-12-20,,2024-12-20 15:15:42,2024-12-20 15:15:42
sub_000667,pat_001143,basic,49,active,2024-12-20,,2024-12-20 19:08:25,2024-12-20 19:08:25
sub_000668,pat_001144,basic,49,active,2024-12-20,,2024-12-20 19:44:20,2024-12-20 19:44:20
sub_000669,pat_001145,basic,49,cancelled,2024-12-20,2024-12-26,2024-12-20 12:43:20,2024-12-26 11:21:51
sub_000670,pat_001146,plus,99,active,2024-12-20,,2024-12-20 11:02:49,2024-12-20 11:02:49
sub_000671,pat_001147,plus,99,active,2024-12-20,,2024-12-20 12:21:54,2024-12-20 12:21:54
sub_000672,pat_001148,premium,199,cancelled,2024-12-20,2024-12-28,2024-12-20 10:49:45,2024-12-28 09:39:57
sub_000673,pat_001154,plus,99,active,2024-12-20,,2024-12-20 18:08:07,2024-12-20 18:08:07
sub_000674,pat_001157,plus,99,active,2024-12-21,,2024-12-21 18:56:17,2024-12-21 18:56:17
sub_000675,pat_001159,plus,99,active,2024-12-21,,2024-12-21 08:59:10,2024-12-21 08:59:10
sub_000676,pat_001160,premium,199,active,2024-12-21,,2024-12-21 13:07:44,2024-12-21 13:07:44
sub_000677,pat_001162,basic,49,active,2024-12-21,,2024-12-21 10:32:23,2024-12-21 10:32:23
sub_000678,pat_001163,basic,49,active,2024-12-21,,2024-12-21 15:49:57,2024-12-21 15:49:57
sub_000679,pat_001165,plus,99,active,2024-12-22,,2024-12-22 19:57:47,2024-12-22 19:57:47
sub_000680,pat_001168,plus,99,active,2024-12-22,,2024-12-22 15:50:40,2024-12-22 15:50:40
sub_000681,pat_001170,premium,199,active,2024-12-22,,2024-12-22 10:59:28,2024-12-22 10:59:28
sub_000682,pat_001173,basic,49,active,2024-12-22,,2024-12-22 08:35:51,2024-12-22 08:35:51
sub_000683,pat_001174,plus,99,active,2024-12-22,,2024-12-22 14:34:39,2024-12-22 14:34:39
sub_000684,pat_001177,premium,199,active,2024-12-22,,2024-12-22 15:59:59,2024-12-22 15:59:59
sub_000685,pat_001178,basic,49,active,2024-12-22,,2024-12-22 16:58:18,2024-12-22 16:58:18
sub_000686,pat_001179,plus,99,active,2024-12-22,,2024-12-22 08:48:57,2024-12-22 08:48:57
sub_000687,pat_001181,plus,99,active,2024-12-23,,2024-12-23 17:33:40,2024-12-23 17:33:40
sub_000688,pat_001183,plus,99,active,2024-12-23,,2024-12-23 08:28:33,2024-12-23 08:28:33
sub_000689,pat_001184,plus,99,active,2024-12-23,,2024-12-23 16:09:11,2024-12-23 16:09:11
sub_000690,pat_001185,premium,199,active,2024-12-23,,2024-12-23 12:38:56,2024-12-31 17:19:30
sub_000691,pat_001186,basic,49,active,2024-12-23,,2024-12-23 14:38:02,2024-12-23 14:38:02
sub_000692,pat_001187,basic,49,cancelled,2024-12-23,2024-12-31,2024-12-23 11:03:16,2024-12-31 19:49:20
sub_000693,pat_001191,plus,99,active,2024-12-23,,2024-12-23 16:41:15,2024-12-23 16:41:15
sub_000694,pat_001192,basic,49,active,2024-12-23,,2024-12-23 09:08:38,2024-12-23 09:08:38
sub_000695,pat_001193,premium,199,active,2024-12-23,,2024-12-23 11:20:24,2024-12-23 11:20:24
sub_000696,pat_001194,plus,99,active,2024-12-23,,2024-12-23 08:04:37,2024-12-23 08:04:37
sub_000697,pat_001195,basic,49,active,2024-12-24,,2024-12-24 19:32:30,2024-12-24 19:32:30
sub_000698,pat_001197,plus,99,active,2024-12-24,,2024-12-24 19:40:05,2024-12-24 19:40:05
sub_000699,pat_001198,premium,199,active,2024-12-24,,2024-12-24 12:07:41,2024-12-24 12:07:41
sub_000700,pat_001199,premium,199,active,2024-12-24,,2024-12-24 18:05:45,2024-12-24 18:05:45
sub_000701,pat_001200,basic,49,active,2024-12-24,,2024-12-24 12:24:56,2024-12-24 12:24:56
sub_000702,pat_001202,basic,49,active,2024-12-24,,2024-12-24 17:51:24,2024-12-24 17:51:24
sub_000703,pat_001205,premium,199,active,2024-12-24,,2024-12-24 12:21:45,2024-12-26 15:10:26
sub_000704,pat_001206,plus,99,active,2024-12-24,,2024-12-24 11:38:58,2024-12-24 11:38:58
sub_000705,pat_001208,premium,199,active,2024-12-24,,2024-12-24 19:27:32,2024-12-24 19:27:32
sub_000706,pat_001209,basic,49,active,2024-12-24,,2024-12-24 12:58:50,2024-12-24 12:58:50
sub_000707,pat_001210,basic,49,active,2024-12-24,,2024-12-24 17:13:00,2024-12-24 17:13:00
sub_000708,pat_001211,plus,99,active,2024-12-24,,2024-12-24 19:08:21,2024-12-24 19:08:21
sub_000709,pat_001212,plus,99,active,2024-12-24,,2024-12-24 10:06:38,2024-12-24 10:06:38
sub_000710,pat_001214,plus,99,active,2024-12-25,,2024-12-25 11:59:03,2024-12-25 11:59:03
sub_000711,pat_001215,basic,49,active,2024-12-25,,2024-12-25 14:21:15,2024-12-25 14:21:15
sub_000712,pat_001216,basic,49,active,2024-12-25,,2024-12-25 18:54:54,2024-12-25 18:54:54
sub_000713,pat_001217,plus,99,active,2024-12-25,,2024-12-25 17:52:00,2024-12-25 17:52:00
sub_000714,pat_001218,premium,199,active,2024-12-25,,2024-12-25 11:26:00,2024-12-25 11:26:00
sub_000715,pat_001220,plus,99,active,2024-12-25,,2024-12-25 16:27:35,2024-12-25 16:27:35
sub_000716,pat_001222,plus,99,active,2024-12-26,,2024-12-26 13:04:30,2024-12-26 13:04:30
sub_000717,pat_001223,premium,199,active,2024-12-26,,2024-12-26 18:20:40,2024-12-26 18:20:40
sub_000718,pat_001225,basic,49,active,2024-12-26,,2024-12-26 14:23:05,2024-12-26 14:23:05
sub_000719,pat_001226,plus,99,active,2024-12-26,,2024-12-26 12:49:49,2024-12-26 12:49:49
sub_000720,pat_001228,basic,49,active,2024-12-26,,2024-12-26 14:55:43,2024-12-26 14:55:43
sub_000721,pat_001229,basic,49,active,2024-12-26,,2024-12-26 10:46:55,2024-12-26 10:46:55
sub_000722,pat_001230,basic,49,active,2024-12-26,,2024-12-26 16:00:49,2024-12-26 16:00:49
sub_000723,pat_001232,plus,99,active,2024-12-26,,2024-12-26 11:36:12,2024-12-26 11:36:12
sub_000724,pat_001233,plus,99,active,2024-12-26,,2024-12-26 09:28:29,2024-12-26 09:28:29
sub_000725,pat_001235,basic,49,active,2024-12-26,,2024-12-26 08:26:45,2024-12-26 08:26:45
sub_000726,pat_001238,basic,49,active,2024-12-27,,2024-12-27 09:28:03,2024-12-27 09:28:03
sub_000727,pat_001239,basic,49,active,2024-12-27,,2024-12-27 16:10:29,2024-12-27 16:10:29
sub_000728,pat_001240,plus,99,active,2024-12-27,,2024-12-27 16:38:11,2024-12-27 16:38:11
sub_000729,pat_001241,basic,49,active,2024-12-27,,2024-12-27 15:40:27,2024-12-27 15:40:27
sub_000730,pat_001244,basic,49,active,2024-12-27,,2024-12-27 14:17:00,2024-12-31 13:34:23
sub_000731,pat_001246,premium,199,cancelled,2024-12-27,2024-12-30,2024-12-27 15:58:20,2024-12-30 19:15:58
sub_000732,pat_001249,basic,49,active,2024-12-27,,2024-12-27 08:12:22,2024-12-27 08:12:22
sub_000733,pat_001251,basic,49,cancelled,2024-12-27,2024-12-29,2024-12-27 13:53:07,2024-12-29 14:24:07
sub_000734,pat_001252,basic,49,active,2024-12-27,,2024-12-27 15:46:35,2024-12-27 15:46:35
sub_000735,pat_001253,premium,199,active,2024-12-28,,2024-12-28 12:40:24,2024-12-28 12:40:24
sub_000736,pat_001255,plus,99,active,2024-12-28,,2024-12-28 17:36:29,2024-12-28 17:36:29
sub_000737,pat_001258,plus,99,active,2024-12-28,,2024-12-28 16:16:03,2024-12-28 16:16:03
sub_000738,pat_001259,basic,49,active,2024-12-28,,2024-12-28 09:15:58,2024-12-28 09:15:58
sub_000739,pat_001260,basic,49,active,2024-12-28,,2024-12-28 18:20:21,2024-12-28 18:20:21
sub_000740,pat_001261,plus,99,active,2024-12-28,,2024-12-28 17:32:20,2024-12-28 17:32:20
sub_000741,pat_001262,basic,49,active,2024-12-28,,2024-12-28 19:07:59,2024-12-28 19:07:59
sub_000742,pat_001264,basic,49,active,2024-12-28,,2024-12-28 14:50:06,2024-12-28 14:50:06
sub_000743,pat_001265,basic,49,active,2024-12-28,,2024-12-28 10:09:09,2024-12-28 10:09:09
sub_000744,pat_001266,plus,99,active,2024-12-28,,2024-12-28 16:08:08,2024-12-28 16:08:08
sub_000745,pat_001269,plus,99,active,2024-12-28,,2024-12-28 15:53:34,2024-12-28 15:53:34
sub_000746,pat_001270,premium,199,active,2024-12-28,,2024-12-28 11:15:25,2024-12-28 11:15:25
sub_000747,pat_001275,plus,99,active,2024-12-29,,2024-12-29 17:45:38,2024-12-29 17:45:38
sub_000748,pat_001277,basic,49,active,2024-12-29,,2024-12-29 19:45:27,2024-12-29 19:45:27
sub_000749,pat_001280,plus,99,active,2024-12-29,,2024-12-29 18:42:46,2024-12-29 18:42:46
sub_000750,pat_001284,plus,99,active,2024-12-30,,2024-12-30 17:45:31,2024-12-30 17:45:31
sub_000751,pat_001285,plus,99,active,2024-12-30,,2024-12-30 15:10:30,2024-12-30 15:10:30
sub_000752,pat_001289,basic,49,active,2024-12-30,,2024-12-30 18:08:54,2024-12-30 18:08:54
sub_000753,pat_001290,basic,49,active,2024-12-30,,2024-12-30 15:01:59,2024-12-30 15:01:59
sub_000754,pat_001291,basic,49,active,2024-12-30,,2024-12-30 12:12:42,2024-12-30 12:12:42
sub_000755,pat_001292,basic,49,active,2024-12-30,,2024-12-30 12:37:35,2024-12-30 12:37:35
sub_000756,pat_001293,basic,49,active,2024-12-30,,2024-12-30 15:52:46,2024-12-30 15:52:46
sub_000757,pat_001295,premium,199,active,2024-12-30,,2024-12-30 10:07:55,2024-12-30 10:07:55
sub_000758,pat_001296,basic,49,active,2024-12-30,,2024-12-30 15:05:40,2024-12-30 15:05:40
sub_000759,pat_001297,basic,49,active,2024-12-30,,2024-12-30 19:20:30,2024-12-30 19:20:30
sub_000760,pat_001298,plus,99,active,2024-12-30,,2024-12-30 11:37:00,2024-12-30 11:37:00
sub_000761,pat_001302,premium,199,active,2024-12-31,,2024-12-31 08:38:24,2024-12-31 08:38:24
sub_000762,pat_001303,plus,99,active,2024-12-31,,2024-12-31 11:25:27,2024-12-31 11:25:27
sub_000763,pat_001304,basic,49,active,2024-12-31,,2024-12-31 10:44:53,2024-12-31 10:44:53
sub_000764,pat_001305,premium,199,active,2024-12-31,,2024-12-31 13:46:46,2024-12-31 13:46:46
sub_000765,pat_001306,basic,49,active,2024-12-31,,2024-12-31 14:01:12,2024-12-31 14:01:12
sub_000766,pat_001307,premium,199,active,2024-12-31,,2024-12-31 19:39:26,2024-12-31 19:39:26
